business_name,website,email,phone,whatsapp,country_code,city,niche,platform,instagram_handle,facebook_url,score,status,priority,enrichment_status,first_source,created_at,last_enrichment_attempt_at,notes
"42 coffee roasters",https://42coffeeroasters.com,info@42coffeeroasters.com,+971521348636,,AE,,"onlineStore, inStore",woocommerce,42coffeeroasters,https://facebook.com/42coffeeroasters,85,new,warm,completed,tabby,"2026-06-04 01:38:02",,
"Tea Gschwendner",https://www.tgtea-kw.com/,info@tgtea-kw.com,,,KW,,"onlineStore, inStore",shopify,tea_gtea,,80,promoted,warm,completed,tabby,"2026-06-04 01:38:04",,
"Liwa water",https://www.liwawater.com,info@liwawater.com,1234567890,97125501331,AE,,onlineStore,woocommerce,,,80,new,warm,completed,tabby,"2026-06-20 23:08:17",,
"Modern Water Solutions",https://www.modern-ws.com/ar,info@modern-ws.com,,,AE,,"onlineStore, inStore",,,,65,new,warm,completed,tabby,"2026-06-20 23:08:17",,
"Water Tanks UAE",https://watertanksuae.com,info@watertanksuae.com,+971525094830,971525094830,AE,,"onlineStore, inStore",woocommerce,used_watertanks,,85,new,warm,completed,tabby,"2026-06-20 23:08:17",,
"Yas Water World",https://www.yaswaterworld.com/,info@yaswaterworld.com,+971600511115,971600511115,AE,,"onlineStore, inStore",,yaswaterworld,https://facebook.com/yaswaterworld,75,new,warm,completed,tabby,"2026-06-20 23:08:17",,
"water gold perfume",https://watergoldperfumes.com/,info@watergoldperfumes.com,,,AE,,"onlineStore, inStore",woocommerce,watergoldperfume,,80,new,warm,completed,tabby,"2026-06-20 23:08:17",,
"Clean Water Technology",https://Cleanwaterpools.net,info@Cleanwaterpools.net,+971504821271,971504821271,AE,,"onlineStore, inStore",woocommerce,cwtuae,https://facebook.com/profile.php,85,new,warm,completed,tabby,"2026-06-20 23:08:17",,
"The Water Works",https://www.thermapod.ae,info@thermapod.ae,+971559725180,,AE,,onlineStore,woocommerce,thermapod,,85,new,warm,completed,tabby,"2026-06-20 23:08:17",,
"Bayside water rides",https://www.instagram.com/baysidewaterrides?igsh=aGd2eXdxdjZiNGNl&utm_source=qr,info@instagram.com,,,AE,,inStore,,,,65,new,warm,completed,tabby,"2026-06-20 23:08:17",,
"AlNAQAA ALAMTHAL WATER FILTERS",https://www.google.com/maps/dir//AlNAQAA+ALAMTHAL+WATER+FILTERS+ajman/data=!4m6!4m5!1m1!4e2!1m2!1m1!1s0x3ef5f7930ce20b83:0x8109c05054ebeb6d?sa=X&ved=1t:3061&ictx=111,info@google.com,,,AE,,inStore,,,,65,new,warm,completed,tabby,"2026-06-20 23:08:17",,
"Enagic Kangen Water Equipment",https://www.enagic.ae,info@enagic.ae,"+971 4 395 5011",,AE,,"onlineStore, inStore",woocommerce,,,80,new,warm,completed,tabby,"2026-06-20 23:08:17",,
"AL SHFAF WATER TREATMENT",https://www.facebook.com/alshfaf.water/,info@facebook.com,,,AE,,inStore,,,https://facebook.com/alshfaf.water,70,new,warm,completed,tabby,"2026-06-20 23:08:17",,
"Durub Water Solutions LLC",https://www.durubwatersolution.com,info@durubwatersolution.com,"+971 56 624 2543",971566242543,AE,,"onlineStore, inStore",,,,70,new,warm,completed,tabby,"2026-06-20 23:08:17",,
"Al Qaser Water Equipments & Treading",https://maicaredubai.com/,info@maicaredubai.com,+971589254461,,AE,,"onlineStore, inStore",woocommerce,,https://facebook.com/alqaserwets,85,new,warm,completed,tabby,"2026-06-20 23:08:17",,
"Aquaphor Middle East Water Treatment",https://aquaphor.com/,info@aquaphor.com,,,AE,,"onlineStore, inStore",,aquaphor.water,https://facebook.com/AquaphorWater,70,new,warm,completed,tabby,"2026-06-20 23:08:17",,
"Aqua Bravo Water Desalination Equip.Trading",,,,,AE,,inStore,,,,35,new,warm,completed,tabby,"2026-06-20 23:08:17",,
"AL LOLO WATER TREATMENT EQUIPMENT TRADING",https://luluwateruae.com,info@luluwateruae.com,,,AE,,"onlineStore, inStore",,,,65,new,warm,completed,tabby,"2026-06-20 23:08:17",,
"Jollyza Toys",https://jollyza.com/,info@jollyza.com,0501729095,971501729095,AE,,"onlineStore, inStore",shopify,jollyzatoys,https://facebook.com/jollyzatoys,85,new,warm,completed,tabby,"2026-06-20 23:09:49",,
"alab toys",https://alab.toys,info@alab.toys,,,AE,,"onlineStore, inStore",shopify,alab.toys,https://facebook.com/alab.toys,80,new,warm,completed,tabby,"2026-06-20 23:09:49",,
"Kanaan Toys",https://kanaantoys.ae/,info@kanaantoys.ae,,,AE,,onlineStore,,,,65,new,warm,completed,tabby,"2026-06-20 23:09:49",,
"Lerni Toys",https://www.lernitoys.ae,info@lernitoys.ae,,,AE,,"onlineStore, inStore",shopify,lernitoys.ae,https://facebook.com/lernitoys.ae,80,new,warm,completed,tabby,"2026-06-20 23:09:49",,
"Toys And More",https://www.toysandmore.ae,info@toysandmore.ae,+971528891184,971528891184,AE,,"onlineStore, inStore",shopify,toysandmore.ae,https://facebook.com/share/1MDzrv2QYz,85,new,warm,completed,tabby,"2026-06-20 23:09:49",,
"Klug Toys",https://klugtoys.com/,info@klugtoys.com,"+1 234567890",,AE,,onlineStore,shopify,,,80,new,warm,completed,tabby,"2026-06-20 23:09:49",,
"TOYS 4 YOU",https://toys4ushop.com/,info@toys4ushop.com,+97165631119,,AE,,"onlineStore, inStore",woocommerce,toys4youshopuae,https://facebook.com/toys4yousharjah,85,new,warm,completed,tabby,"2026-06-20 23:09:49",,
"Sakura Anime toys",https://sakuraanimetoys.com,info@sakuraanimetoys.com,,,AE,,onlineStore,,,,65,new,warm,completed,tabby,"2026-06-20 23:09:49",,
"Color Land Toys",https://colorlandtoys.com/,info@colorlandtoys.com,+97137825960,,AE,,onlineStore,shopify,colorlandtoys,https://facebook.com/colorlandtoys,85,new,warm,completed,tabby,"2026-06-20 23:09:49",,
"SecretRare for toys",http://Www.secretrarecc.com,info@Www.secretrarecc.com,+971502991001,971502991001,AE,,"onlineStore, inStore",shopify,secretrarecc,"https://facebook.com/Shopify\",85,new,warm,completed,tabby,"2026-06-20 23:09:49",,
"YEDDOH AMUSEMENT TOYS",,,,,AE,,inStore,,,,35,new,warm,completed,tabby,"2026-06-20 23:09:49",,
"Toys R Us MENA",https://www.toysrusmena.com/en-ae/,info@toysrusmena.com,,,AE,,inStore,woocommerce,,,75,new,warm,completed,tabby,"2026-06-20 23:09:49",,
"GEEKOO FOR TOYS AND GAMES",https://geekoo.ae,info@geekoo.ae,+971509209699,971509209699,AE,,inStore,shopify,geekoo.ae,https://facebook.com/geekoo.ae,85,new,warm,completed,tabby,"2026-06-20 23:09:49",,
"Naseem al bahar toys",http://www.tiktok.com/@naseem_albahar_toys,info@tiktok.com,,,AE,,"onlineStore, inStore",,,,65,new,warm,completed,tabby,"2026-06-20 23:09:49",,
"Loon al rabea kids gift & toys",https://0jtgp1-rr.myshopify.com/,info@0jtgp1-rr.myshopify.com,,,AE,,"onlineStore, inStore",,,,65,new,warm,completed,tabby,"2026-06-20 23:09:49",,
"Tech & Toys",https://techntoys.com/en/,info@techntoys.com,,,KW,,onlineStore,woocommerce,,,75,new,warm,completed,tabby,"2026-06-20 23:09:50",,
"ALBADER Toys",http://www.albadertoys.com,info@albadertoys.com,966504861233,966112112423,KW,,onlineStore,,albadertoys,https://facebook.com/61587847804926,75,new,warm,completed,tabby,"2026-06-20 23:09:50",,
"SHANAKEL TOYS",https://www.shanakel.com,info@shanakel.com,22409139,,KW,,onlineStore,,shanakeltoys,https://facebook.com/shanakeltoyskw,75,new,warm,completed,tabby,"2026-06-20 23:09:50",,
"Fantasy World Toys",https://fantasyworldtoys.com/,info@fantasyworldtoys.com,1800177,,KW,,"onlineStore, inStore",magento,fantasyworldtoys,https://facebook.com/FantasyWorldToysKuwait,85,new,warm,completed,tabby,"2026-06-20 23:09:50",,
"YEDDOH AMUSEMENT TOYS",,,,,AE,,inStore,,,,35,new,warm,completed,tabby,"2026-06-20 23:10:01",,
"Head Space KW",https://www.headspace.com.kw/,info@headspace.com.kw,,,KW,,"onlineStore, inStore",shopify,headspacekw,https://facebook.com/headspacekw,80,new,warm,completed,tabby,"2026-06-20 23:10:24",,
"Goodies Fruits",https://goodiesfdfruits.com,info@goodiesfdfruits.com,,,AE,,"onlineStore, inStore",,,,65,new,warm,completed,tabby,"2026-06-20 23:12:36",,
Day,https://day-store.sa/,info@day-store.sa,966538770876,,KW,,onlineStore,,Daystore_sa,,75,new,warm,completed,tabby,"2026-06-20 23:12:37",,
Rotai,https://rotai.ae/,info@rotai.ae,+971-42732866,97142732866,AE,,"onlineStore, inStore",shopify,rotaihealth,https://facebook.com/rotaihealth,85,new,warm,completed,tabby,"2026-06-20 23:14:36",,
"Break The Cycle",http://www.breakthecycle.sa,info@breakthecycle.sa,,,KW,,onlineStore,,breakthecycle.sa,,70,new,warm,completed,tabby,"2026-06-20 23:14:37",,
"Break Protection",https://breakprotection.com/,info@breakprotection.com,+919008777088,97148886500,AE,,inStore,,break_protection_,,75,new,warm,completed,tabby,"2026-06-20 23:15:56",,
Amazon,https://www.amazon.ae/deals?&linkCode=ll2&tag=tabbycrmuae-21&linkId=f941446a4e07661f1fa6baf1f8ac172c&ref_=as_li_ss_tl,info@amazon.ae,,,AE,,onlineStore,,,,65,new,warm,completed,tabby,"2026-06-20 23:16:30",,
noon,https://s.noon.com/AcHUJPYR1lo,info@s.noon.com,,,AE,,onlineStore,,,,65,new,warm,completed,tabby,"2026-06-20 23:16:30",,
Trendyol,https://trg.tabby.ai/6jxDffZP_a,info@trg.tabby.ai,,,AE,,onlineStore,,trendyol,https://facebook.com/TrendyolENG,70,new,warm,completed,tabby,"2026-06-20 23:16:30",,
SHEIN,https://ad.admitad.com/g/1kjlqr06u0926836afb9f0af71e07a/,info@ad.admitad.com,,,AE,,onlineStore,,sheinofficial,,70,new,warm,completed,tabby,"2026-06-20 23:16:30",,
Temu,https://temuaffiliateprogram.pxf.io/anzmxo,info@temuaffiliateprogram.pxf.io,,,AE,,onlineStore,,,,65,new,warm,completed,tabby,"2026-06-20 23:16:30",,
Revibe,https://revibe.me/,info@revibe.me,+97144597000,,AE,,onlineStore,shopify,revibe_me,https://facebook.com/RevibeUAE,85,new,warm,completed,tabby,"2026-06-20 23:16:30",,
"Jarir Bookstore",https://www.jarir.com/ae-en/,info@jarir.com,+97165032000,,AE,,"onlineStore, inStore",woocommerce,jariruae,https://facebook.com/jarirbookstore.UAE,85,new,warm,completed,tabby,"2026-06-20 23:16:30",,
Samsung,https://www.samsung.com/ae/,info@samsung.com,+971547267864,971547267864,AE,,onlineStore,,samsunggulf,https://facebook.com/SamsungGulf,75,new,warm,completed,tabby,"2026-06-20 23:16:30",,
iSTYLE,https://istyle.ae/,info@istyle.ae,+971800478953,971800478953,AE,,"onlineStore, inStore",shopify,istyleme,https://facebook.com/istyleme,85,new,warm,completed,tabby,"2026-06-20 23:16:30",,
Almosafer,https://www.almosafer.com/en/,info@almosafer.com,+966112199500,966554400000,AE,,onlineStore,,almosafertravel_sa,https://facebook.com/Almosafertravel,75,new,warm,completed,tabby,"2026-06-20 23:16:30",,
"Air Arabia",https://www.airarabia.com/,info@airarabia.com,"+971 600 508001",971600508001,AE,,onlineStore,,airarabiagroup,https://facebook.com/airarabiagroup,75,new,warm,completed,tabby,"2026-06-20 23:16:30",,
Namshi,https://www.namshi.com/uae-en/,info@namshi.com,,,AE,,onlineStore,,,,65,new,warm,completed,tabby,"2026-06-20 23:16:30",,
Jomla,https://jomla.ae/en/,info@jomla.ae,+971503358800,971503358800,AE,,"onlineStore, inStore",woocommerce,jomla.ae,https://facebook.com/Jomla.ae,85,new,warm,completed,tabby,"2026-06-20 23:16:30",,
"LuLu Hypermarkets",https://www.luluhypermarket.com/en-ae,info@luluhypermarket.com,,,AE,,"onlineStore, inStore",,,,65,new,warm,completed,tabby,"2026-06-20 23:16:31",,
NIKE,https://clk.omgt7.com/?PID=56934&AID=2300358,info@clk.omgt7.com,,,AE,,"onlineStore, inStore",,,,65,new,warm,completed,tabby,"2026-06-20 23:16:31",,
adidas,https://www.adidas.ae/en,info@adidas.ae,,,AE,,"onlineStore, inStore",,,,65,new,warm,completed,tabby,"2026-06-20 23:16:31",,
Honor,https://www.honor.com/ae-en/shop/offer/?utm_source=google&utm_medium=cpc&utm_campaign=brand_alw_uae_ec_conv_pur_rmkt_search_b___ms&gad_source=1&gclid=CjwKCAiAt4C-BhBcEiwA8Kp0CbwyFaSQA4VBUvUP4mYxhAWCWaf0L7nWt5nyUEig6W8k2JYfDCErnBoCxS4QAvD_BwE,info@honor.com,,971529711279,AE,,onlineStore,,honorarabia,https://facebook.com/HONORArabia,75,new,warm,completed,tabby,"2026-06-20 23:16:31",,
"Make My Trip",https://ae.makemytrip.global/,info@ae.makemytrip.global,,,AE,,onlineStore,,,,65,new,warm,completed,tabby,"2026-06-20 23:16:31",,
Flydubai,https://www.flydubai.com/,info@flydubai.com,,,AE,,onlineStore,,,,65,new,warm,completed,tabby,"2026-06-20 23:16:31",,
"e& (Etisalat)",https://www.etisalat.ae/en,info@etisalat.ae,+971-800-101,,AE,,"onlineStore, inStore",magento,etisalat,https://facebook.com/Etisalat,85,new,warm,completed,tabby,"2026-06-20 23:16:31",,
"Ari Luxe Jewelry",https://ariluxejewelry.com/,info@ariluxejewelry.com,"+971 50 227 3895",971502273895,AE,,"onlineStore, inStore",woocommerce,,https://facebook.com/ariluxejewelryfzc4,85,new,warm,completed,tabby,"2026-06-20 23:16:31",,
"NEXT MOBILE ®",https://nextmobile.ae/,info@nextmobile.ae,"+971 565656471",,AE,,"onlineStore, inStore",woocommerce,next_mobile__ajman_,https://facebook.com/profile.php,85,new,warm,completed,tabby,"2026-06-20 23:16:31",,
MAX,https://www.maxfashion.com/ae/en/,info@maxfashion.com,,,AE,,"onlineStore, inStore",,,,65,new,warm,completed,tabby,"2026-06-20 23:16:31",,
almatar,https://almatar.com/en/,info@almatar.com,+00920005511,966920005511,AE,,onlineStore,,almatarapp,https://facebook.com/almatarapp,75,new,warm,completed,tabby,"2026-06-20 23:16:31",,
Centrepoint,https://www.centrepointstores.com/ae/en/department/cross,info@centrepointstores.com,,,AE,,"onlineStore, inStore",,,,65,new,warm,completed,tabby,"2026-06-20 23:16:31",,
Emax,https://uae.emaxme.com/,info@uae.emaxme.com,,,AE,,"onlineStore, inStore",,,,65,new,warm,completed,tabby,"2026-06-20 23:16:31",,
"Sun & Sand Sports",https://en-ae.sssports.com/,info@en-ae.sssports.com,+97143149000,,AE,,"onlineStore, inStore",,sssports,https://facebook.com/SunSandSports,75,new,warm,completed,tabby,"2026-06-20 23:16:31",,
"Gold Zone",https://goldzonejewelry.com/,info@goldzonejewelry.com,+971568527653,,AE,,"onlineStore, inStore",shopify,goldzonegzuae,,85,new,warm,completed,tabby,"2026-06-20 23:16:31",,
SPIRRIT,http://www.spirrit.com,info@spirrit.com,,,AE,,"onlineStore, inStore",shopify,spirrituae,https://facebook.com/spirrituae,80,new,warm,completed,tabby,"2026-06-20 23:16:31",,
"Apple Official",https://www.apple.com/ae/,info@apple.com,80004440396,,AE,,"onlineStore, inStore",,,https://facebook.com/Apple,75,new,warm,completed,tabby,"2026-06-20 23:16:31",,
"Noon Minutes",https://minutes.noon.com/uae-en/,info@minutes.noon.com,,,AE,,onlineStore,,,,65,new,warm,completed,tabby,"2026-06-20 23:16:31",,
VIVO,https://vivobuy.com/,info@vivobuy.com,,,AE,,onlineStore,,vivo_arabia,https://facebook.com/vivoGlobal,70,new,warm,completed,tabby,"2026-06-20 23:16:32",,
"Damas Jewellery",https://www.damasjewellery.com/ae-en/,info@damasjewellery.com,+97180032627,,AE,,"onlineStore, inStore",magento,damasjewellery,https://facebook.com/DamasJewellery,85,new,warm,completed,tabby,"2026-06-20 23:16:32",,
NexEssentials,https://nexessentials.ae/,info@nexessentials.ae,971568434523,,AE,,"onlineStore, inStore",woocommerce,nexessentials.ae,https://facebook.com/share/1BRCCSY2bt,85,new,warm,completed,tabby,"2026-06-20 23:16:32",,
"Fly Fairly",https://flyfairly.sjv.io/EE6LZn,info@flyfairly.sjv.io,,,AE,,onlineStore,,fly.fairly,https://facebook.com/flyfairlytravel,70,new,warm,completed,tabby,"2026-06-20 23:16:32",,
"Life Pharmacy",https://www.lifepharmacy.com/,info@lifepharmacy.com,+971043441122,,AE,,onlineStore,,lifepharmacyme,https://facebook.com/lifepharmacyme,75,new,warm,completed,tabby,"2026-06-20 23:16:32",,
"Kalyan Jewellers",https://www.kalyanjewellers.net/ae,info@kalyanjewellers.net,18004257333,971585672643,AE,,"onlineStore, inStore",,kalyanjewellers_official,https://facebook.com/KalyanJewellersIndia,75,new,warm,completed,tabby,"2026-06-20 23:16:32",,
HOMEBOX,https://www.homeboxstores.com/ae/en,info@homeboxstores.com,,,AE,,"onlineStore, inStore",,,,65,new,warm,completed,tabby,"2026-06-20 23:16:32",,
"Embellish Jewelry",https://embellishgold.com/?utm_source=tabby+&utm_medium=affiliate+,info@embellishgold.com,,,AE,,"onlineStore, inStore",,,,65,new,warm,completed,tabby,"2026-06-20 23:16:32",,
PUMA,https://go.urtrackinglink.com/aff_c?offer_id=1563&aff_id=26236,info@go.urtrackinglink.com,+91-6364929121,,AE,,"onlineStore, inStore",,puma,https://facebook.com/PUMA,75,new,warm,completed,tabby,"2026-06-20 23:16:32",,
"Lulia Jewelry",https://luliajewelry.com,info@luliajewelry.com,+971522125653,,AE,,"onlineStore, inStore",shopify,luliajewelry,https://facebook.com/jewelrylulia,85,new,warm,completed,tabby,"2026-06-20 23:16:32",,
Bloomingdale's,https://altayer.prf.hn/click/camref:1100l3CTj4,info@altayer.prf.hn,,,AE,,"onlineStore, inStore",,,,65,new,warm,completed,tabby,"2026-06-20 23:16:32",,
"Arabian Oud",https://ae.arabianoud.com/en,info@ae.arabianoud.com,+966920009692,966920009692,AE,,onlineStore,,,,70,new,warm,completed,tabby,"2026-06-20 23:16:32",,
"Apple touch mobile phones",https://maps.app.goo.gl/DMD18GrYUh1eLcHB7?g_st=com.google.maps.preview.copy,info@maps.app.goo.gl,,,AE,,"onlineStore, inStore",,,,65,new,warm,completed,tabby,"2026-06-20 23:16:32",,
Faces,https://www.faces.ae/en,info@faces.ae,++971800965664,971563299902,AE,,"onlineStore, inStore",,facesbeautymiddleeast,https://facebook.com/FacesBeautyMiddleEast,75,new,warm,completed,tabby,"2026-06-20 23:16:32",,
Cleartrip,https://www.cleartrip.com/,info@cleartrip.com,,,AE,,onlineStore,,,,65,new,warm,completed,tabby,"2026-06-20 23:16:32",,
Lacoste,https://www.lacoste.ae/,info@lacoste.ae,+971545821751,971545821751,AE,,"onlineStore, inStore",,,,70,new,warm,completed,tabby,"2026-06-20 23:16:33",,
"FSA TRADING",https://fsatrading.com/,info@fsatrading.com,+971559957078,,AE,,"onlineStore, inStore",woocommerce,fsatrading,,85,new,warm,completed,tabby,"2026-06-20 23:16:33",,
"iPoint Electronics",https://ipoint.ae,info@ipoint.ae,+971547467083,971547467083,AE,,"onlineStore, inStore",shopify,ipoint.ae,https://facebook.com/ipointae,85,new,warm,completed,tabby,"2026-06-20 23:16:33",,
"Brands for Less",https://www.brandsforless.com/en-ae/,info@brandsforless.com,,,AE,,"onlineStore, inStore",,,,65,new,warm,completed,tabby,"2026-06-20 23:16:33",,
MenaKart,https://www.menakart.com/,info@menakart.com,+971585100788,,AE,,"onlineStore, inStore",magento,menakart,,85,new,warm,completed,tabby,"2026-06-20 23:16:33",,
Casio,https://casio-mea.com/,info@casio-mea.com,,,AE,,"onlineStore, inStore",,,,65,new,warm,completed,tabby,"2026-06-20 23:16:33",,
"Dkhoon Emirates",https://dkhoonemirates.com/,info@dkhoonemirates.com,966920002360,966595935712,AE,,"onlineStore, inStore",,dkhoni__official,https://facebook.com/dkhoni_official,75,new,warm,completed,tabby,"2026-06-20 23:16:33",,
"Elsayed Elmougi mobile phone",https://elmogystore.com/en,info@elmogystore.com,,,AE,,"onlineStore, inStore",,,,65,new,warm,completed,tabby,"2026-06-20 23:16:33",,
"Golden Scent",https://ae.goldenscent.com/en/,info@ae.goldenscent.com,,,AE,,onlineStore,,,,65,new,warm,completed,tabby,"2026-06-20 23:16:33",,
971Nerds,https://971nerds.com/,info@971nerds.com,,,AE,,"onlineStore, inStore",woocommerce,damanphone,https://facebook.com/damanphone,80,new,warm,completed,tabby,"2026-06-20 23:16:33",,
Solagold,http://www.solagold.com,info@solagold.com,,,AE,,"onlineStore, inStore",,,,65,new,warm,completed,tabby,"2026-06-20 23:16:33",,
"Avera Perfumes",https://avera.ae,info@avera.ae,"+971 54 739 1545",,AE,,"onlineStore, inStore",woocommerce,avera.perfume,https://facebook.com/avera.perfumes,85,new,warm,completed,tabby,"2026-06-20 23:16:33",,
L'azurde,https://www.lazurde.com/en-ae,info@lazurde.com,+97180064775,,AE,,onlineStore,bigcommerce,lazurde,https://facebook.com/lazurde,85,new,warm,completed,tabby,"2026-06-20 23:16:33",,
6thStreet,https://en-ae.6thstreet.com/,info@en-ae.6thstreet.com,,,AE,,onlineStore,,,,65,new,warm,completed,tabby,"2026-06-20 23:16:33",,
"KABAYAN DEALS",https://kabayandeals.com/,info@kabayandeals.com,"+971 56 438 2017",971564382017,AE,,"onlineStore, inStore",shopify,,,80,new,warm,completed,tabby,"2026-06-20 23:16:33",,
HOMECENTRE,https://www.homecentre.com/ae/en/,info@homecentre.com,,,AE,,"onlineStore, inStore",,,,65,new,warm,completed,tabby,"2026-06-20 23:16:33",,
"Digital Mart",https://digitalmart.ae,info@digitalmart.ae,0508474558,,AE,,"onlineStore, inStore",woocommerce,,,80,new,warm,completed,tabby,"2026-06-20 23:16:33",,
"Al Romaizan Gold & Jewellery",https://alromaizan.com/,info@alromaizan.com,+971564099029,971564099029,AE,,"onlineStore, inStore",,,,70,new,warm,completed,tabby,"2026-06-20 23:16:33",,
phonebay,https://phonebay.ae,info@phonebay.ae,+971-567-086-236,971507288276,AE,,"onlineStore, inStore",shopify,phonebay_uae,,85,new,warm,completed,tabby,"2026-06-20 23:16:33",,
"Tickets To Do",https://www.ticketstodo.com/,info@ticketstodo.com,,,AE,,onlineStore,,,,65,new,warm,completed,tabby,"2026-06-20 23:16:33",,
"Aster Pharmacy",https://www.asterpharmacy.ae/,info@asterpharmacy.ae,800700600,971800700600,AE,,"onlineStore, inStore",,aster_pharmacy,https://facebook.com/AsterPharmacy,75,new,warm,completed,tabby,"2026-06-20 23:16:33",,
"Mustaqbal Zamzam",https://mustaqbalzamzam.com/,info@mustaqbalzamzam.com,+971-52-318-9175,,AE,,"onlineStore, inStore",,mustaqbalzamzam,https://facebook.com/mustaqbalzamzam,75,new,warm,completed,tabby,"2026-06-20 23:16:33",,
iHerb,https://ae.iherb.com/,info@ae.iherb.com,,,AE,,onlineStore,,,,65,new,warm,completed,tabby,"2026-06-20 23:16:33",,
"Asia Mobile Phone",https://www.apmpllc.com/en,info@apmpllc.com,,,AE,,onlineStore,,,,65,new,warm,completed,tabby,"2026-06-20 23:16:33",,
WINGIE,https://www.wingie.ae/en/,info@wingie.ae,,,AE,,onlineStore,,,,65,new,warm,completed,tabby,"2026-06-20 23:16:33",,
"Emirates Driving Institute",https://edi-uae.com/,info@edi-uae.com,,,AE,,"onlineStore, inStore",,,,65,new,warm,completed,tabby,"2026-06-20 23:16:34",,
LAPTOPMART,https://www.laptopmart.ae/,info@laptopmart.ae,"+971 52 664 2304",,AE,,"onlineStore, inStore",shopify,laptopmartae,https://facebook.com/laptopmartae,85,new,warm,completed,tabby,"2026-06-20 23:16:34",,
"Ibrahim Alqurashi",https://uae.ibrahimalqurashi.com/en,info@uae.ibrahimalqurashi.com,,,AE,,"onlineStore, inStore",,,,65,new,warm,completed,tabby,"2026-06-20 23:16:34",,
Styli,https://stylishop.com/ae/en,info@stylishop.com,,,AE,,onlineStore,,,,65,new,warm,completed,tabby,"2026-06-20 23:16:34",,
Orvana,https://orvana.ae,info@orvana.ae,,,AE,,"onlineStore, inStore",,,,65,new,warm,completed,tabby,"2026-06-20 23:16:34",,
Reevamp,https://reevamp.me/,info@reevamp.me,"+1 832 356 4919",,AE,,onlineStore,woocommerce,reevamp.me,https://facebook.com/reevamp.mena,85,new,warm,completed,tabby,"2026-06-20 23:16:34",,
"Majesty Phones",https://majestyphones.com/,info@majestyphones.com,+971525252040,971525252040,AE,,"onlineStore, inStore",woocommerce,majesty_phones,,85,new,warm,completed,tabby,"2026-06-20 23:16:34",,
"Golden Line Sport",https://goldenlinesports.ae/,info@goldenlinesports.ae,,,AE,,"onlineStore, inStore",woocommerce,,,75,new,warm,completed,tabby,"2026-06-20 23:16:34",,
"Bath & Body Works",https://go.arabclicks.com/aff_c?offer_id=460&aff_id=154652,info@go.arabclicks.com,,,AE,,"onlineStore, inStore",,,,65,new,warm,completed,tabby,"2026-06-20 23:16:34",,
"Dubai Now",https://dubainow.dubai.ae/,info@dubainow.dubai.ae,,,AE,,onlineStore,,,,65,new,warm,completed,tabby,"2026-06-20 23:16:34",,
"Akbar Travels",https://www.akbartravels.com/,info@akbartravels.com,,,AE,,"onlineStore, inStore",,akbartravels,https://facebook.com/akbartravels,70,new,warm,completed,tabby,"2026-06-20 23:16:34",,
"NAJMAT AL SEYOUH Mobile Phone & Computer TR",https://alseyouh.ae/,info@alseyouh.ae,065563446,971588122780,AE,,"onlineStore, inStore",woocommerce,najmat_alseyouh,https://facebook.com/najmat.alseyouh,85,new,warm,completed,tabby,"2026-06-20 23:16:34",,
CROCS,https://en-ae.crocsgulf.com/,info@en-ae.crocsgulf.com,+97180027627,,AE,,"onlineStore, inStore",magento,crocs_middleeast,,85,new,warm,completed,tabby,"2026-06-20 23:16:34",,
"Lumière Fashion",https://lumierebytinderellaz.com/,info@lumierebytinderellaz.com,,,AE,,"onlineStore, inStore",shopify,lumierebytinderellaz,https://facebook.com/lumierebytinderellaz,80,new,warm,completed,tabby,"2026-06-20 23:16:34",,
"Base 53",https://base53.ae/,info@base53.ae,+971562241015,971562241015,AE,,"onlineStore, inStore",woocommerce,,https://facebook.com/Base53Online,85,new,warm,completed,tabby,"2026-06-20 23:16:34",,
"Dubai Pay",https://www.digitaldubai.ae/apps-services/details/dubaipay,info@digitaldubai.ae,,,AE,,onlineStore,,digitaldubai,,70,new,warm,completed,tabby,"2026-06-20 23:16:34",,
"Fitness Time",https://www.fitnesstime.com.sa/en-us,info@fitnesstime.com.sa,920003131,966920003131,AE,,"onlineStore, inStore",,fitnesstimesa,https://facebook.com/FitnessTimeSA,75,new,warm,completed,tabby,"2026-06-20 23:16:34",,
"Nice One",https://niceonesa.com/en,info@niceonesa.com,00966920033385,,AE,,onlineStore,,niceonesa,https://facebook.com/pg/niceonesa/about,75,new,warm,completed,tabby,"2026-06-20 23:16:34",,
Qonooz,https://qonooz.com,info@qonooz.com,,,AE,,onlineStore,,,,65,new,warm,completed,tabby,"2026-06-20 23:16:34",,
"ALL STARS",https://allstars.ae/en,info@allstars.ae,+31536000,,AE,,"onlineStore, inStore",woocommerce,,,80,new,warm,completed,tabby,"2026-06-20 23:16:34",,
"Mobile catalyst",https://www.mobilecatalyst.store/,info@mobilecatalyst.store,"+971 52 324 2226",,AE,,"onlineStore, inStore",shopify,mobilecatalyststore,https://facebook.com/sharer/sharer.php,85,new,warm,completed,tabby,"2026-06-20 23:16:34",,
"Ajmal Perfumes",https://en-ae.ajmal.com/,info@en-ae.ajmal.com,80025625,,AE,,"onlineStore, inStore",magento,ajmalperfumes,https://facebook.com/ajmalperfumes,85,new,warm,completed,tabby,"2026-06-20 23:16:34",,
R&B,https://www.randbfashion.com/en-ae/,info@randbfashion.com,,,AE,,onlineStore,,,,65,new,warm,completed,tabby,"2026-06-20 23:16:34",,
flyday,https://flyday.ae/,info@flyday.ae,"+966 920031115",,AE,,"onlineStore, inStore",,,,70,new,warm,completed,tabby,"2026-06-20 23:16:34",,
"Under Armour",https://www.underarmour.ae/en/home,info@underarmour.ae,+97143149097,,AE,,"onlineStore, inStore",,underarmourme,https://facebook.com/UnderArmourMiddleEast,75,new,warm,completed,tabby,"2026-06-20 23:16:35",,
"Shah Gee Electronics",https://shahgeelectronics.com/product-category/iphone/,info@shahgeelectronics.com,+97143959062,,AE,,"onlineStore, inStore",woocommerce,,https://facebook.com/sharer/sharer.php,85,new,warm,completed,tabby,"2026-06-20 23:16:35",,
Centresouq,https://centresouq.com/,info@centresouq.com,,,AE,,"onlineStore, inStore",shopify,centresouq,https://facebook.com/Centresouq,80,new,warm,completed,tabby,"2026-06-20 23:16:35",,
"Numan Zafar Mobile Phone And Accessories Trading",https://nzmpat.com/,info@nzmpat.com,,,AE,,"onlineStore, inStore",woocommerce,,,75,new,warm,completed,tabby,"2026-06-20 23:16:35",,
Marzban,https://marzban.ae,info@marzban.ae,"+971 52 195 6190",971521956190,AE,,"onlineStore, inStore",woocommerce,marzban_mobilephones,https://facebook.com/61550078983204,85,new,warm,completed,tabby,"2026-06-20 23:16:35",,
Birkenstock,https://www.birkenstock.com/ae,info@birkenstock.com,,,AE,,"onlineStore, inStore",,birkenstockme,https://facebook.com/BirkenstockME,70,new,warm,completed,tabby,"2026-06-20 23:16:35",,
Travelwings,https://www.travelwings.com/ae/en,info@travelwings.com,+97145635811,,AE,,"onlineStore, inStore",,travelwingsdotcom,https://facebook.com/travelwingsdotcom,75,new,warm,completed,tabby,"2026-06-20 23:16:35",,
"Axiom Telecom",https://axiomtelecom.com/,info@axiomtelecom.com,,,AE,,"onlineStore, inStore",,,,65,new,warm,completed,tabby,"2026-06-20 23:16:35",,
"Pure Gold Jewellers",https://www.pugold.com/,info@pugold.com,,,AE,,"onlineStore, inStore",,,,65,new,warm,completed,tabby,"2026-06-20 23:16:35",,
"Bilal Sohail Trading",https://bststore.ae,info@bststore.ae,+971529973359,971529973359,AE,,"onlineStore, inStore",shopify,bst.llc,https://facebook.com/share/14GPhGvjaUr,85,new,warm,completed,tabby,"2026-06-20 23:16:35",,
Xmartify,https://xmartifydubai.com/,info@xmartifydubai.com,+971563385765,971563385765,AE,,"onlineStore, inStore",woocommerce,xmartifydubai,https://facebook.com/xmartify2023,85,new,warm,completed,tabby,"2026-06-20 23:16:35",,
Gucci,https://www.gucci.com/ae/en_gb/,info@gucci.com,,,AE,,"onlineStore, inStore",,,,65,new,warm,completed,tabby,"2026-06-20 23:16:35",,
Tanishq,https://www.tanishq.ae/,info@tanishq.ae,,,AE,,"onlineStore, inStore",,,,65,new,warm,completed,tabby,"2026-06-20 23:16:35",,
"Suhail Mobile Shop",https://suhailmr.com,info@suhailmr.com,"+971 544896802",,AE,,"onlineStore, inStore",woocommerce,ap488_sa,https://facebook.com/AxiomThemes,85,new,warm,completed,tabby,"2026-06-20 23:16:37",,
Serotonin80,https://serotonin80.com/,info@serotonin80.com,,971562670276,AE,,"onlineStore, inStore",woocommerce,serotonin80,https://facebook.com/dialog/send,85,new,warm,completed,tabby,"2026-06-20 23:16:37",,
"Arabian Gold and Daimond",https://arabiangoldanddiamonds.com/,info@arabiangoldanddiamonds.com,+919847570333,,AE,,"onlineStore, inStore",woocommerce,arabiangoldanddiamonds,https://facebook.com/arabiangoldanddiamonds,85,new,warm,completed,tabby,"2026-06-20 23:16:37",,
"GE Group",https://gegroup.ae/,info@gegroup.ae,,,AE,,"onlineStore, inStore",,,,65,new,warm,completed,tabby,"2026-06-20 23:16:37",,
"KICKS CREW",https://www.kickscrew.com/en-AE,info@kickscrew.com,,,AE,,onlineStore,,,,65,new,warm,completed,tabby,"2026-06-20 23:16:37",,
Coach,https://uk.coach.com/,info@uk.coach.com,,,AE,,"onlineStore, inStore",,,,65,new,warm,completed,tabby,"2026-06-20 23:16:37",,
"PC Palace",https://pcpalace.com.sa/,info@pcpalace.com.sa,,,AE,,onlineStore,,pcpalace,https://facebook.com/pcpalace,70,new,warm,completed,tabby,"2026-06-20 23:16:37",,
"Tommy Hilfiger",https://en-ae.tommy.com/,info@en-ae.tommy.com,,,AE,,"onlineStore, inStore",,,,65,new,warm,completed,tabby,"2026-06-20 23:16:37",,
"Fragmetics Perfumes",https://fragmetics.com/,info@fragmetics.com,,,AE,,onlineStore,shopify,fragmetics_mena,https://facebook.com/FragmeticsMENA,80,new,warm,completed,tabby,"2026-06-20 23:16:37",,
"Watches & Jewellery",https://watches.ae/collections/watches,info@watches.ae,,,AE,,"onlineStore, inStore",shopify,thewatchhouse_uae,https://facebook.com/watches.ae,80,new,warm,completed,tabby,"2026-06-20 23:16:37",,
"Dr Nutrition",https://drnutrition.com/en-ae,info@drnutrition.com,,,AE,,"onlineStore, inStore",,,,65,new,warm,completed,tabby,"2026-06-20 23:16:37",,
SPLASH,https://www.splashfashions.com/ae/en,info@splashfashions.com,,,AE,,onlineStore,,,,65,new,warm,completed,tabby,"2026-06-20 23:16:37",,
"Rasasi Perfumes",http://www.rasasistore.com,info@rasasistore.com,,,AE,,"onlineStore, inStore",shopify,rasasigcc,https://facebook.com/RasasiGCC,80,new,warm,completed,tabby,"2026-06-20 23:16:37",,
"Rayna Tours",https://www.raynatours.com/,info@raynatours.com,"+971 4 208 7444",,AE,,"onlineStore, inStore",,raynatours_,"https://facebook.com/raynagroup\",75,new,warm,completed,tabby,"2026-06-20 23:16:37",,
"THE PHONE SHOP",https://thephoneshopae.com,info@thephoneshopae.com,971542738606,971542738606,AE,,"onlineStore, inStore",,thephoneshop.ae,,75,new,warm,completed,tabby,"2026-06-20 23:16:37",,
Intersport,https://www.intersport.com.kw/,info@intersport.com.kw,,,AE,,onlineStore,,,,65,new,warm,completed,tabby,"2026-06-20 23:16:37",,
"Galaxy Tires",https://galaxytyreshop.com/,info@galaxytyreshop.com,00971529111935,,AE,,"onlineStore, inStore",woocommerce,,,80,new,warm,completed,tabby,"2026-06-20 23:16:37",,
"AL 3bor",https://al3bor-telecom.com/,info@al3bor-telecom.com,966546846404,,AE,,onlineStore,,al3bor,,75,new,warm,completed,tabby,"2026-06-20 23:16:37",,
JYSK,https://jysk.ae/,info@jysk.ae,,,AE,,"onlineStore, inStore",magento,,,75,new,warm,completed,tabby,"2026-06-20 23:16:37",,
"Danube Home",https://www.danubehome.com/ae/en,info@danubehome.com,,,AE,,"onlineStore, inStore",,,,65,new,warm,completed,tabby,"2026-06-20 23:16:37",,
"Geekay MEA",https://www.geekay.com,info@geekay.com,,,AE,,onlineStore,,,,65,new,warm,completed,tabby,"2026-06-20 23:16:37",,
"zeko Bag",https://zekobag.com,info@zekobag.com,"+1 123 456 7890",,AE,,"onlineStore, inStore",woocommerce,,,80,new,warm,completed,tabby,"2026-06-20 23:16:37",,
"Electric Scooter",https://escooterae.com/,info@escooterae.com,0555100835,,AE,,onlineStore,woocommerce,eskooter.me,https://facebook.com/4starscooter,85,new,warm,completed,tabby,"2026-06-20 23:16:37",,
"Watches for less",https://watchesforless.ae/,info@watchesforless.ae,,,AE,,onlineStore,,,,65,new,warm,completed,tabby,"2026-06-20 23:16:37",,
"ALHIND GOLD & DIAMONDS",https://www.alhindgoldanddiamonds.com/,info@alhindgoldanddiamonds.com,"+971 55 579 0594",,AE,,"onlineStore, inStore",woocommerce,alhindgoldanddiamonds,https://facebook.com/alhindgoldanddiamonds,85,new,warm,completed,tabby,"2026-06-20 23:16:37",,
E-City,https://www.ecityuae.ae/,info@ecityuae.ae,80032489,,AE,,"onlineStore, inStore",shopify,ecityuae,,85,new,warm,completed,tabby,"2026-06-20 23:16:38",,
alAsil,https://alasil.ae/,info@alasil.ae,+97142885680,97142885680,AE,,"onlineStore, inStore",shopify,alasilae,https://facebook.com/alasilae,85,new,warm,completed,tabby,"2026-06-20 23:16:38",,
REDTAG,https://ae.redtagfashion.com/,info@ae.redtagfashion.com,,,AE,,"onlineStore, inStore",,,,65,new,warm,completed,tabby,"2026-06-20 23:16:38",,
"The Athletes Foot",https://www.theathletesfoot.com.kw/,info@theathletesfoot.com.kw,,,AE,,onlineStore,,,,65,new,warm,completed,tabby,"2026-06-20 23:16:38",,
Lululemon,https://www.lululemon.me/en-ae,info@lululemon.me,,,AE,,"onlineStore, inStore",,,,65,new,warm,completed,tabby,"2026-06-20 23:16:38",,
Grenewed,https://grenewed.ae/,info@grenewed.ae,"+971 562357177",,AE,,"onlineStore, inStore",woocommerce,grenewed.ae,,85,new,warm,completed,tabby,"2026-06-20 23:16:38",,
"Gaming Store",https://www.gamingstoreuae.com,info@gamingstoreuae.com,"+971 50 747 9026",,AE,,"onlineStore, inStore",shopify,gaming_store_dubai,https://facebook.com/gamingstoreuae,85,new,warm,completed,tabby,"2026-06-20 23:16:38",,
"My Gold Souq",https://mygoldsouq.com/,info@mygoldsouq.com,,,AE,,onlineStore,shopify,mygoldsouq,,80,new,warm,completed,tabby,"2026-06-20 23:16:38",,
OnTime,https://ae.ontime.com/,info@ae.ontime.com,+96561118432,,AE,,"onlineStore, inStore",shopify,ontime.me,https://facebook.com/ontimeinsta,85,new,warm,completed,tabby,"2026-06-20 23:16:38",,
"YAS ISLAND",https://www.yasisland.com/,info@yasisland.com,+971600511115,,AE,,onlineStore,,yasisland,https://facebook.com/yasisland,75,new,warm,completed,tabby,"2026-06-20 23:16:38",,
"Al Wathba Insurance",https://awnic.com/,info@awnic.com,600544040,,AE,,onlineStore,woocommerce,alwathbainsurance,https://facebook.com/AlWathbaInsurance,85,new,warm,completed,tabby,"2026-06-20 23:16:38",,
"DISCOUNT LANE ",https://discountlane.ae/,info@discountlane.ae,+971555778349,971555778349,AE,,onlineStore,shopify,discountlane.ae,https://facebook.com/discountlaneae,85,new,warm,completed,tabby,"2026-06-20 23:16:38",,
"Spa & center 1982",http://www.spa1982.com,info@spa1982.com,,,AE,,"onlineStore, inStore",,,,65,new,warm,completed,tabby,"2026-06-20 23:16:38",,
"Manzar International ",https://manzar.me/,info@manzar.me,+971566703153,971566703153,AE,,"onlineStore, inStore",woocommerce,,https://facebook.com/sharer/sharer.php,85,new,warm,completed,tabby,"2026-06-20 23:16:38",,
"Ninty Nine Fils",https://99fils.com/,info@99fils.com,+971-56-510-1565,,AE,,"onlineStore, inStore",woocommerce,99filscom,https://facebook.com/99filscom,85,new,warm,completed,tabby,"2026-06-20 23:16:38",,
"Marks & Spencer",https://www.marksandspencer.com/ae/,info@marksandspencer.com,,,AE,,"onlineStore, inStore",,marksandspencerme,https://facebook.com/MarksandSpencerME,70,new,warm,completed,tabby,"2026-06-20 23:16:38",,
"AAB World",https://aabworld.com/,info@aabworld.com,,,AE,,"onlineStore, inStore",,,,65,new,warm,completed,tabby,"2026-06-20 23:16:38",,
LATTAFA,https://lattafa.com/ar,info@lattafa.com,065361371,,AE,,"onlineStore, inStore",woocommerce,lattafa_perfumes,,85,new,warm,completed,tabby,"2026-06-20 23:16:38",,
VOGACLOSET,https://vogacloset.com/uae/en/,info@vogacloset.com,,,AE,,onlineStore,,,,65,new,warm,completed,tabby,"2026-06-20 23:16:38",,
"Midas Furniture",https://midasfurniture.com/,info@midasfurniture.com,+966920004621,9651888886,AE,,"onlineStore, inStore",magento,midasfurniturekuwait,,85,new,warm,completed,tabby,"2026-06-20 23:16:38",,
"Bagcart.ae ",http://bagcart.ae/,info@bagcart.ae,,,AE,,onlineStore,,,,65,new,warm,completed,tabby,"2026-06-20 23:16:38",,
"TAWAKAL TRAVELS",https://mssg.me/11mgw,info@mssg.me,0568016255,,AE,,"onlineStore, inStore",,,,70,new,warm,completed,tabby,"2026-06-20 23:16:38",,
"Montres Trading",https://www.montres.ae,info@montres.ae,+97142671124,97142671124,AE,,"onlineStore, inStore",,montres.ae,https://facebook.com/Montres.ae,75,new,warm,completed,tabby,"2026-06-20 23:16:39",,
"O.TWO.O Cosmetics",https://otwooarabia.com/,info@otwooarabia.com,,,AE,,onlineStore,shopify,msteri.ae,https://facebook.com/profile.php,80,new,warm,completed,tabby,"2026-06-20 23:16:39",,
"cozmo travel",https://www.gocozmo.com/,info@gocozmo.com,+971600524444,971600524444,AE,,"onlineStore, inStore",,cozmotravel,,75,new,warm,completed,tabby,"2026-06-20 23:16:39",,
"PREMIUM BRAND ",http://www.premiumbrandfze.com,info@premiumbrandfze.com,"+971 54 404 2437",971544042437,AE,,onlineStore,shopify,premiumbrandfze,https://facebook.com/share/1NE8pZaP6K,85,new,warm,completed,tabby,"2026-06-20 23:16:39",,
"ASHRAF JEWELLERY ",https://www.ashrafjewellers.ae,info@ashrafjewellers.ae,,,AE,,"onlineStore, inStore",,,,65,new,warm,completed,tabby,"2026-06-20 23:16:39",,
koolkicksuae,https://koolkicksuae.com,info@koolkicksuae.com,,,AE,,"onlineStore, inStore",,,,65,new,warm,completed,tabby,"2026-06-20 23:16:39",,
UsedPanda,https://Usedpanda.com,info@Usedpanda.com,"+971 44419800",,AE,,"onlineStore, inStore",,usedpanda,https://facebook.com/usedpandaofficial,75,new,warm,completed,tabby,"2026-06-20 23:16:39",,
Gymshark,https://www.gymshark.ae/,info@gymshark.ae,+15635945665,971527149329,AE,,"onlineStore, inStore",,gymshark,https://facebook.com/gymshark,75,new,warm,completed,tabby,"2026-06-20 23:16:39",,
PerfumeCo,https://perfumeco.shop/,info@perfumeco.shop,9668003040105,,AE,,onlineStore,,perfumecoshop,,75,new,warm,completed,tabby,"2026-06-20 23:16:39",,
"SMART TRAVEL",https://smarttravels.ae/,info@smarttravels.ae,,,AE,,"onlineStore, inStore",,,,65,new,warm,completed,tabby,"2026-06-20 23:16:39",,
"Bait Hadramout Mandi",https://baithadramoutmandi.com,info@baithadramoutmandi.com,,,AE,,onlineStore,,,,65,new,warm,completed,tabby,"2026-06-20 23:16:39",,
Finshoppi,https://finshoppi.com/,info@finshoppi.com,,,AE,,"onlineStore, inStore",,,,65,new,warm,completed,tabby,"2026-06-20 23:16:39",,
"SPAZIO PLUS",https://spazioplus.com,info@spazioplus.com,+971523931916,971523931916,AE,,"onlineStore, inStore",woocommerce,,,80,new,warm,completed,tabby,"2026-06-20 23:16:39",,
"New Tech",https://newtechq8.com/,info@newtechq8.com,,96522009897,AE,,onlineStore,shopify,ntech.q8,https://facebook.com/profile.php,85,new,warm,completed,tabby,"2026-06-20 23:16:39",,
"Afnan Perfumes",https://www.afnan.com/,info@afnan.com,,,AE,,onlineStore,shopify,afnanperfumes,https://facebook.com/afnanperfumesofficial,80,new,warm,completed,tabby,"2026-06-20 23:16:39",,
"eZhire Rent a car",https://ezhire.ae,info@ezhire.ae,"+971 4 459 4600",,AE,,onlineStore,,ezhire.ae,https://facebook.com/ezhire.ae,75,new,warm,completed,tabby,"2026-06-20 23:16:39",,
"M S M A CURTAINS AND FURNITURE",,,,,AE,,"onlineStore, inStore",,,,35,new,warm,completed,tabby,"2026-06-20 23:16:40",,
Decathlon,https://decathlon.ae/,info@decathlon.ae,+971504758042,,AE,,"onlineStore, inStore",shopify,decathlonme,https://facebook.com/DecathlonUAE,85,new,warm,completed,tabby,"2026-06-20 23:16:40",,
DKNY,https://dkny.ae?utm_source=Tabby&utm_campaign=tbkw,info@dkny.ae,,,AE,,"onlineStore, inStore",shopify,dkny.me,,80,new,warm,completed,tabby,"2026-06-20 23:16:40",,
Riah,https://www.riah.ae/en,info@riah.ae,+971548882244,971548882244,AE,,onlineStore,,riahperfume,,75,new,warm,completed,tabby,"2026-06-20 23:16:40",,
"Apple MDS",https://apple-onlinestore.mds.ae/,info@apple-onlinestore.mds.ae,,,AE,,onlineStore,shopify,,,75,new,warm,completed,tabby,"2026-06-20 23:16:40",,
"Jawhara jewellery",https://jawharajewellery.com,info@jawharajewellery.com,+971507528012,971506875051,AE,,"onlineStore, inStore",shopify,jawharajewellery,https://facebook.com/jawharajewellery,85,new,warm,completed,tabby,"2026-06-20 23:16:40",,
"Saint Laurent",https://www.ysl.com/en-ae/stores,info@ysl.com,+971600521705,,AE,,"onlineStore, inStore",,ysl,https://facebook.com/ysl,75,new,warm,completed,tabby,"2026-06-20 23:16:40",,
"TAG Motors",https://tag-motors.com/,info@tag-motors.com,,,AE,,onlineStore,woocommerce,tag.motors,https://facebook.com/106153468414489,80,new,warm,completed,tabby,"2026-06-20 23:16:40",,
"GCC Gamers",https://gccgamers.com/,info@gccgamers.com,+97143339000,97143339000,AE,,"onlineStore, inStore",,gccgamers,https://facebook.com/gccgamers.uae,75,new,warm,completed,tabby,"2026-06-20 23:16:40",,
LikeCard,https://www.likecard.com/,info@likecard.com,,,AE,,onlineStore,,,,65,new,warm,completed,tabby,"2026-06-20 23:16:40",,
Magrabi,https://www.magrabi.com/ae-en/,info@magrabi.com,80002000137,,AE,,"onlineStore, inStore",,magrabi,https://facebook.com/MAGRABiOptical,75,new,warm,completed,tabby,"2026-06-20 23:16:40",,
"Mall of the Emirates",https://www.malloftheemirates.com/en,info@malloftheemirates.com,,,AE,,onlineStore,,,,65,new,warm,completed,tabby,"2026-06-20 23:16:40",,
Floward,https://floward.com/en-ae/dubai/,info@floward.com,,,AE,,onlineStore,,,,65,new,warm,completed,tabby,"2026-06-20 23:16:40",,
PayBy,https://www.payby.com/,info@payby.com,,,AE,,onlineStore,,,,65,new,warm,completed,tabby,"2026-06-20 23:16:40",,
"Rivoli shop",https://www.rivolishop.com/en-ae,info@rivolishop.com,,,AE,,"onlineStore, inStore",,rivoligroup,https://facebook.com/share/18iXSkzyv4,70,new,warm,completed,tabby,"2026-06-20 23:16:40",,
Watsons,https://www.watsons.ae,info@watsons.ae,,,AE,,"onlineStore, inStore",shopify,watsonsmiddleeast,https://facebook.com/watsonsGCC,80,new,warm,completed,tabby,"2026-06-20 23:16:40",,
"Perfume Gallery",https://perfumegallery.ae,info@perfumegallery.ae,+971521329115,,AE,,"onlineStore, inStore",shopify,perfumegalleryuae,,85,new,warm,completed,tabby,"2026-06-20 23:16:40",,
"Beauty Korea",https://beautykoreadubai.com/,info@beautykoreadubai.com,0509693232,,AE,,"onlineStore, inStore",shopify,beautykorea_dubai,https://facebook.com/BeautyKoreaDubai,85,new,warm,completed,tabby,"2026-06-20 23:16:41",,
"GVT ELECTRONICS",https://www.iprocell.com,info@iprocell.com,+971547287804,971547287804,AE,,"onlineStore, inStore",woocommerce,iprocell.com_,https://facebook.com/iprocelldubai,85,new,warm,completed,tabby,"2026-06-20 23:16:41",,
Baytonia,https://baytonia.com/,info@baytonia.com,,,AE,,onlineStore,,,,65,new,warm,completed,tabby,"2026-06-20 23:16:41",,
Fordeal,https://www.fordeal.com/en-AE/,info@fordeal.com,,,AE,,onlineStore,,fordeal_official,https://facebook.com/Fordeal-best-703493487155625,70,new,warm,completed,tabby,"2026-06-20 23:16:41",,
"On Running",https://on.ae/,info@on.ae,+97143847444,,AE,,onlineStore,shopify,on,https://facebook.com/on,85,new,warm,completed,tabby,"2026-06-20 23:16:41",,
"Shory Insurance Brokers",https://www.shory.com,info@shory.com,80074679,,AE,,onlineStore,,getshory,https://facebook.com/getShory,75,new,warm,completed,tabby,"2026-06-20 23:16:41",,
"Mr Energy",https://mrenergy.ae,info@mrenergy.ae,"+971) 521 510",,AE,,"onlineStore, inStore",woocommerce,mr.energy.ae,https://facebook.com/2008/fbml,85,new,warm,completed,tabby,"2026-06-20 23:16:41",,
"Time House",https://www.timehouse.store/home,info@timehouse.store,,,AE,,"onlineStore, inStore",,,,65,new,warm,completed,tabby,"2026-06-20 23:16:41",,
"MARK & SAVE ",https://www.markandsave.com/,info@markandsave.com,"+971 545830800",,AE,,"onlineStore, inStore",woocommerce,,,80,new,warm,completed,tabby,"2026-06-20 23:16:41",,
"Navid Jewellery",https://www.navidjewellery.com/,info@navidjewellery.com,"+971 58844 0272",,AE,,"onlineStore, inStore",shopify,navid_jewellery_dxb,https://facebook.com/navidjewellery,85,new,warm,completed,tabby,"2026-06-20 23:16:41",,
LEVIS,https://www.levi.com/US/en_US/,info@levi.com,,,AE,,"onlineStore, inStore",,,,65,new,warm,completed,tabby,"2026-06-20 23:16:41",,
"THE OUTLET",https://itstheoutlet.com,info@itstheoutlet.com,,,AE,,onlineStore,,,,65,new,warm,completed,tabby,"2026-06-20 23:16:41",,
GAP,https://www.gap.ae/,info@gap.ae,+97148188499,,AE,,"onlineStore, inStore",,,https://facebook.com/GapMiddleEast,75,new,warm,completed,tabby,"2026-06-20 23:16:41",,
"7md Store",https://www.7md.ae/,info@7md.ae,,,AE,,"onlineStore, inStore",,,,65,new,warm,completed,tabby,"2026-06-20 23:16:41",,
"Tech Point",http://www.techpoint-sa.com/,info@techpoint-sa.com,,,AE,,onlineStore,,,,65,new,warm,completed,tabby,"2026-06-20 23:16:41",,
"Service Market",https://servicemarket.com/en/dubai/home-salon-services/book-online/job-details?promo=VS60&gad_source=1&gclid=CjwKCAiAqrG9BhAVEiwAaPu5zhjU78N3T4yyIISuCBAQmQl0pTYXpPvpQ2i6079eu1rRFab02KovShoCyFEQAvD_BwE,info@servicemarket.com,+97145061500,971600587009,AE,,onlineStore,woocommerce,myservicemarket,https://facebook.com/myServiceMarket,85,new,warm,completed,tabby,"2026-06-20 23:16:41",,
"Cole Haan",https://colehaan.ae/,info@colehaan.ae,042147999,,AE,,"onlineStore, inStore",shopify,colehaan_uae,https://facebook.com/colehaan.uae,85,new,warm,completed,tabby,"2026-06-20 23:16:41",,
Babyshop,https://www.babyshopstores.com/ae/en,info@babyshopstores.com,,,AE,,"onlineStore, inStore",,,,65,new,warm,completed,tabby,"2026-06-20 23:16:41",,
"HI TECH COMPUTERS",https://hitechcomputers.ae/,info@hitechcomputers.ae,,,AE,,"onlineStore, inStore",woocommerce,hitechcomputers_,https://facebook.com/hitechaduae,80,new,warm,completed,tabby,"2026-06-20 23:16:41",,
"Sunglass Hut",https://ae.sunglasshut.com/,info@ae.sunglasshut.com,,971505021739,AE,,onlineStore,shopify,sunglasshut,https://facebook.com/sunglasshutglobal,85,new,warm,completed,tabby,"2026-06-20 23:16:41",,
"GT8 mobile phones",https://gt8-store.com/,info@gt8-store.com,+971525087783,971525087783,AE,,"onlineStore, inStore",woocommerce,gt8phone_br1,,85,new,warm,completed,tabby,"2026-06-20 23:16:41",,
"Al Saif Gallery",https://alsaifgallery.com/,info@alsaifgallery.com,+966920009016,,AE,,"onlineStore, inStore",magento,alsaifgallery38,https://facebook.com/alsaifgallery,85,new,warm,completed,tabby,"2026-06-20 23:16:41",,
"Holiday Factory",https://travel.holiday-factory.com/,info@travel.holiday-factory.com,+97147014000,971563000406,AE,,onlineStore,woocommerce,holiday_factory,https://facebook.com/HolidayFactoryUAE,85,new,warm,completed,tabby,"2026-06-20 23:16:41",,
"Alo Yoga",https://www.aloyoga.ae/en/,info@aloyoga.ae,,,AE,,"onlineStore, inStore",shopify,aloyoga,https://facebook.com/aloclothing,80,new,warm,completed,tabby,"2026-06-20 23:16:41",,
Firstcry,https://www.firstcry.ae/?fromcountry=uae&lang=ar,info@firstcry.ae,+971-048063800,,AE,,onlineStore,,firstcryae,https://facebook.com/FirstCryAE,75,new,warm,completed,tabby,"2026-06-20 23:16:41",,
"Sapana Jewellery",https://sapanajewellery.com/,info@sapanajewellery.com,"+971 43593939",,AE,,"onlineStore, inStore",woocommerce,sapanajewellery_official,https://facebook.com/sapanajewelleryofficial,85,new,warm,completed,tabby,"2026-06-20 23:16:41",,
"The Wireless Circle",https://www.thewirelesscircle.ae,info@thewirelesscircle.ae,,,AE,,onlineStore,,,,65,new,warm,completed,tabby,"2026-06-20 23:16:41",,
Samazon,https://samazon.ae/,info@samazon.ae,971505099972,,AE,,"onlineStore, inStore",shopify,samazon.ae,https://facebook.com/samazon.ae,85,new,warm,completed,tabby,"2026-06-20 23:16:41",,
Travelotleh,https://www.travelotleh.com/en/,info@travelotleh.com,+971600520200,971600520200,AE,,"onlineStore, inStore",,,,70,new,warm,completed,tabby,"2026-06-20 23:16:42",,
"Red Magic",https://ae.redmagic.gg/,info@ae.redmagic.gg,,,AE,,onlineStore,shopify,redmagicme,https://facebook.com/profile.php,80,new,warm,completed,tabby,"2026-06-20 23:16:42",,
REBOOT,https://rebootcomputers.ae/,info@rebootcomputers.ae,"+1 123 456 7890",971504913713,AE,,"onlineStore, inStore",woocommerce,reboot_compute,https://facebook.com/rebootgcc,85,new,warm,completed,tabby,"2026-06-20 23:16:42",,
"Swiss Arabian",https://uae.swissarabian.com/,info@uae.swissarabian.com,,,AE,,"onlineStore, inStore",shopify,swissarabianperfumes,https://facebook.com/SwissArabianPerfumes,80,new,warm,completed,tabby,"2026-06-20 23:16:42",,
Azadea,https://www.azadea.com/en,info@azadea.com,,971800292332,AE,,onlineStore,,azadea,https://facebook.com/Azadeacom,75,new,warm,completed,tabby,"2026-06-20 23:16:42",,
"Alfa Shop",https://alfashop.ae/,info@alfashop.ae,+971528715363,,AE,,"onlineStore, inStore",shopify,alfashop.ae,https://facebook.com/alfashop.ae,85,new,warm,completed,tabby,"2026-06-20 23:16:42",,
"GIG Gulf",https://www.gig-gulf.com/en,info@gig-gulf.com,,,AE,,"onlineStore, inStore",,,,65,new,warm,completed,tabby,"2026-06-20 23:16:42",,
Skechers,https://www.skechers.com/,info@skechers.com,,,AE,,onlineStore,,skechers,https://facebook.com/SKECHERS,70,new,warm,completed,tabby,"2026-06-20 23:16:42",,
"Black Phone",https://blackphone.ae/,info@blackphone.ae,"+971 56 222 3335",,AE,,"onlineStore, inStore",woocommerce,,,80,new,warm,completed,tabby,"2026-06-20 23:16:42",,
"La Vida Spa Home Spa",https://lavidaspa.vip,info@lavidaspa.vip,,,AE,,"onlineStore, inStore",,,,65,new,warm,completed,tabby,"2026-06-20 23:16:42",,
OpenMyTrip,https://openmytrip.com/,info@openmytrip.com,,,AE,,"onlineStore, inStore",,,,65,new,warm,completed,tabby,"2026-06-20 23:16:42",,
Pogago,https://thepogago.com,info@thepogago.com,"+971 566864806",,AE,,"onlineStore, inStore",woocommerce,,,80,new,warm,completed,tabby,"2026-06-20 23:16:42",,
"Jewel Cloud Jewellery",http://jewelcloudsjewellery.com/,info@jewelcloudsjewellery.com,043854999,,AE,,"onlineStore, inStore",woocommerce,jewel_clouds,https://facebook.com/JewelCloudsJewellery,85,new,warm,completed,tabby,"2026-06-20 23:16:42",,
"ALMAMLAKAH ALZAHABIYA",https://almamlakahalzahabia.com/,info@almamlakahalzahabia.com,+971554041162,,AE,,"onlineStore, inStore",woocommerce,almamlakah_l.l.c,https://facebook.com/people/AlMamlakah-AlZahabiya-Electronic/61553115554925,85,new,warm,completed,tabby,"2026-06-20 23:16:42",,
DKHOUN,https://dkhoun.com,info@dkhoun.com,,,AE,,onlineStore,shopify,dkhoun_sa,https://facebook.com/sharer/sharer.php,80,new,warm,completed,tabby,"2026-06-20 23:16:42",,
AliExpress,https://alitems.com/g/1e8d114494926836afb916525dc3e8/,info@alitems.com,,8657186563839,KW,,onlineStore,,aliexpress,https://facebook.com/aliexpress,75,new,warm,completed,tabby,"2026-06-20 23:16:43",,
"FK Jewellers",https://fkjewellers.com/?srsltid=AfmBOoqBK2v0Vwitbu-o1mcFtNnnxMQBepwYbvkZmgOwzaWiSECl7DuD,info@fkjewellers.com,+96522287181,96522287181,KW,,"onlineStore, inStore",shopify,fkjewellers,,85,new,warm,completed,tabby,"2026-06-20 23:16:43",,
Blink,https://www.blink.com.kw/,info@blink.com.kw,+96594448638,,KW,,"onlineStore, inStore",shopify,blinkcomkw,https://facebook.com/BlinkKuwait,85,new,warm,completed,tabby,"2026-06-20 23:16:43",,
Chips,https://chipsorders.com/,info@chipsorders.com,22289111,,KW,,"onlineStore, inStore",,chipspage,https://facebook.com/chipspagekwt,75,new,warm,completed,tabby,"2026-06-20 23:16:43",,
"Ooredoo Kuwait",https://store.ooredoo.com.kw/,info@store.ooredoo.com.kw,,96566300121,KW,,onlineStore,magento,OoredooKuwait,https://facebook.com/OoredooKuwait,85,new,warm,completed,tabby,"2026-06-20 23:16:44",,
Gait,https://gait.com.kw/,info@gait.com.kw,1891033,9651891033,KW,,onlineStore,magento,gaitkuwait,https://facebook.com/gaitkuwait,85,new,warm,completed,tabby,"2026-06-20 23:16:44",,
"Kuwait Ways",https://www.kuwaitways.com.kw/,info@kuwaitways.com.kw,,,KW,,"onlineStore, inStore",,kuwait.ways,https://facebook.com/profile.php,70,new,warm,completed,tabby,"2026-06-20 23:16:44",,
Shrwaa,https://shrwaa.com/,info@shrwaa.com,,,KW,,"onlineStore, inStore",,shrwaa.online,,70,new,warm,completed,tabby,"2026-06-20 23:16:44",,
"Gulf Store ",https://gulfstore.com/,info@gulfstore.com,+9651800881,,KW,,onlineStore,shopify,,,80,new,warm,completed,tabby,"2026-06-20 23:16:44",,
WiBi,https://wibi.com.kw,info@wibi.com.kw,+965-1800053,9651800053,KW,,onlineStore,shopify,wibi.com.kw,https://facebook.com/wibi.com.kw,85,new,warm,completed,tabby,"2026-06-20 23:16:44",,
ALEZAY,http://www.alezay.com,info@alezay.com,+96522401116,96594957654,KW,,"onlineStore, inStore",woocommerce,alezay.kwt,https://facebook.com/ALEZAY.PCC,85,new,warm,completed,tabby,"2026-06-20 23:16:44",,
"Adawliah Electronics",https://www.adawliahstore.com/,info@adawliahstore.com,+96522064500,96598072912,KW,,"onlineStore, inStore",woocommerce,adawliah,https://facebook.com/sharer/sharer.php,85,new,warm,completed,tabby,"2026-06-20 23:16:44",,
kokonano,https://kokonano.com/,info@kokonano.com,"+965) 50240403",96550240403,KW,,onlineStore,,kokonano.kw,https://facebook.com/legal/terms/update,75,new,warm,completed,tabby,"2026-06-20 23:16:45",,
Rehlat,https://www.rehlat.com,info@rehlat.com,,,KW,,onlineStore,,,,65,new,warm,completed,tabby,"2026-06-20 23:16:45",,
Emarket,https://www.emarketkw.com/,info@emarketkw.com,"+965 1811 115",9651811115,KW,,onlineStore,,,,70,new,warm,completed,tabby,"2026-06-20 23:16:45",,
"Al Mutawa Pharmacy",https://www.almutawapharmacies.com.kw/,info@almutawapharmacies.com.kw,,,KW,,"onlineStore, inStore",,,,65,new,warm,completed,tabby,"2026-06-20 23:16:45",,
"Next Store",https://www.nextstore.com.kw/,info@nextstore.com.kw,,,KW,,"onlineStore, inStore",,,,65,new,warm,completed,tabby,"2026-06-20 23:16:45",,
"Phone Logo for phones",https://www.phonelogo.com/,info@phonelogo.com,,,KW,,onlineStore,,,,65,new,warm,completed,tabby,"2026-06-20 23:16:45",,
"IT Care",https://itcare.com/,info@itcare.com,,,KW,,"onlineStore, inStore",,,,65,new,warm,completed,tabby,"2026-06-20 23:16:45",,
"Spirit Health Care",https://spirit.com.kw/en/,info@spirit.com.kw,,,KW,,onlineStore,,spirit_pharmacies,https://facebook.com/spirit.pharmacies,70,new,warm,completed,tabby,"2026-06-20 23:16:45",,
"Sanam Store",https://www.sanamstore.net,info@sanamstore.net,+96598714299,96599330508,KW,,"onlineStore, inStore",,sanam_tools,https://facebook.com/Sanam-Store-115014883743809,75,new,warm,completed,tabby,"2026-06-20 23:16:45",,
ABYAT,https://www.abyat.com/kw/en/,info@abyat.com,+9651848000,9651848000,KW,,onlineStore,,abyatkuwait,https://facebook.com/abyatkuwait,75,new,warm,completed,tabby,"2026-06-20 23:16:45",,
"Al Sharq Jewellery",https://alsharqq.com/,info@alsharqq.com,+96565886651,96560772111,KW,,"onlineStore, inStore",shopify,alsharq_jewllery,,85,new,warm,completed,tabby,"2026-06-20 23:16:46",,
Webstore,https://webstoreshops.com,info@webstoreshops.com,+210987654321,,KW,,"onlineStore, inStore",shopify,webstorekw,https://facebook.com/@webstorekwt,85,new,warm,completed,tabby,"2026-06-20 23:16:46",,
"TOPADSTORE MOBILE COMPANY",https://topadstore.com/,info@topadstore.com,96566426068,96566426068,KW,,"onlineStore, inStore",,journal.framework,,75,new,warm,completed,tabby,"2026-06-20 23:16:46",,
"Danat Travels",https://www.danattravels.com/,info@danattravels.com,"+965 1888899",,KW,,"onlineStore, inStore",,danattravels,https://facebook.com/people/Danat-Travels/61555826034858,75,new,warm,completed,tabby,"2026-06-20 23:16:46",,
OpenBox,https://www.openbox-kw.com,info@openbox-kw.com,,,KW,,onlineStore,shopify,openboxkw,https://facebook.com/profile.php,80,new,warm,completed,tabby,"2026-06-20 23:16:46",,
Nars,,,,,KW,,inStore,,,,35,new,warm,completed,tabby,"2026-06-20 23:16:46",,
"Kash5a store ",https://kash5astore.com,info@kash5astore.com,,,KW,,"onlineStore, inStore",,,,65,new,warm,completed,tabby,"2026-06-20 23:16:46",,
"Oxygen Gyms",http://oxygengyms.com/,info@oxygengyms.com,,,KW,,onlineStore,,,,65,new,warm,completed,tabby,"2026-06-20 23:16:46",,
"Care Outlet",https://care-outlet.com/,info@care-outlet.com,+966115110811,966115110811,KW,,onlineStore,,care_outlet_2022,https://facebook.com/care.outlet.ph,75,new,warm,completed,tabby,"2026-06-20 23:16:46",,
Zayoom,https://Zayoom.com,info@Zayoom.com,+96594782847,,KW,,onlineStore,shopify,zayoomkwt,https://facebook.com/zayoomkwt,85,new,warm,completed,tabby,"2026-06-20 23:16:46",,
"BURHAN ALWATANIYA TRAVEL & TOURISM",https://www.burhantrips.com/,info@burhantrips.com,,,KW,,"onlineStore, inStore",shopify,TOGELQRIS,https://facebook.com/TOGELQRIS,80,new,warm,completed,tabby,"2026-06-20 23:16:46",,
"Booking Kuwait travel & tourism",https://www.bookingkuwait.com,info@bookingkuwait.com,"+965 90979740",96597755116,KW,,onlineStore,,,,70,new,warm,completed,tabby,"2026-06-20 23:16:46",,
Giordano,https://shop.giordano.com.sa,info@shop.giordano.com.sa,8001110128,9668001110128,KW,,"onlineStore, inStore",shopify,giordanosaudi,https://facebook.com/giordanosaudi,85,new,warm,completed,tabby,"2026-06-20 23:16:46",,
"Hassan’s Optician",https://www.hassans.com/,info@hassans.com,+96522054961,,KW,,"onlineStore, inStore",magento,hassans_optician,,85,new,warm,completed,tabby,"2026-06-20 23:16:47",,
Thahab,https://thahab.com/,info@thahab.com,660722352309,,KW,,onlineStore,shopify,thahabworld,,85,new,warm,completed,tabby,"2026-06-20 23:16:47",,
"Mogadra Travel Agency",https://m.mogadra.com/,info@m.mogadra.com,,,KW,,"onlineStore, inStore",,,,65,new,warm,completed,tabby,"2026-06-20 23:16:47",,
"Oud Elite",https://www.oudelite.com,info@oudelite.com,,,KW,,onlineStore,,,,65,new,warm,completed,tabby,"2026-06-20 23:16:47",,
SNKR,https://www.snkr.com.kw/,info@snkr.com.kw,,,KW,,"onlineStore, inStore",,,,65,new,warm,completed,tabby,"2026-06-20 23:16:47",,
"Alam Alhazazy",https://alamalhazazy.com/,info@alamalhazazy.com,+966559923996,966559923996,KW,,onlineStore,,Alamalhazazy,,75,new,warm,completed,tabby,"2026-06-20 23:16:47",,
"Uniq Watches",https://uniqwatch.net/,info@uniqwatch.net,,,KW,,onlineStore,woocommerce,,,75,new,warm,completed,tabby,"2026-06-20 23:16:47",,
wiregcc,https://wiregcc.com/,info@wiregcc.com,+96566303014,,KW,,"onlineStore, inStore",shopify,wiregcc,https://facebook.com/profile.php,85,new,warm,completed,tabby,"2026-06-20 23:16:47",,
"Al Hokail Pharmacy",https://alhokailpharmacyonline.com/,info@alhokailpharmacyonline.com,966581324212,,KW,,onlineStore,,alhokail.pharmacy,https://facebook.com/Alhokail.pharmacy,75,new,warm,completed,tabby,"2026-06-20 23:16:47",,
"AAW Furniture",https://aawkitchens.com/,info@aawkitchens.com,,,KW,,onlineStore,,,,65,new,warm,completed,tabby,"2026-06-20 23:16:47",,
Tumi,https://tumi.com.kw/?srsltid=AfmBOoo9y96oX6uA_ACA_3lpNnBcHRt9CFOHaTy4_nlQ_bAEZd7SbSzT,info@tumi.com.kw,,,KW,,"onlineStore, inStore",,,,65,new,warm,completed,tabby,"2026-06-20 23:16:47",,
"Asom Dresses",https://asom-dresses.com,info@asom-dresses.com,,555884661,KW,,onlineStore,,asom.dresses1,,75,new,warm,completed,tabby,"2026-06-20 23:16:47",,
"BAHR GOLD",https://bahrgold.com,info@bahrgold.com,,,KW,,onlineStore,,,,65,new,warm,completed,tabby,"2026-06-20 23:16:47",,
Sporter,https://www.sporter.com/en-kw/,info@sporter.com,,,KW,,onlineStore,,,,65,new,warm,completed,tabby,"2026-06-20 23:16:47",,
Clara,https://clarahair.com/,info@clarahair.com,,,KW,,onlineStore,,,,65,new,warm,completed,tabby,"2026-06-20 23:16:47",,
K-SECRET,https://www.ksecret.com/en/,info@ksecret.com,,,KW,,onlineStore,,,,65,new,warm,completed,tabby,"2026-06-20 23:16:47",,
silver925,https://silver925sa.com/ar-kw/,info@silver925sa.com,966533555014,,KW,,onlineStore,,Silver925sa,,75,new,warm,completed,tabby,"2026-06-20 23:16:47",,
"American Tourister",https://www.americantourister.com.kw/,info@americantourister.com.kw,,,KW,,"onlineStore, inStore",,,,65,new,warm,completed,tabby,"2026-06-20 23:16:48",,
Calo,https://www.calo.app/,info@calo.app,,,KW,,"onlineStore, inStore",woocommerce,calo_app,,80,new,warm,completed,tabby,"2026-06-20 23:16:48",,
sooqalkuwait,https://sooqalkuwaiti.com,info@sooqalkuwaiti.com,+96550336166,96550336166,KW,,onlineStore,woocommerce,,https://facebook.com/sharer/sharer.php,85,new,warm,completed,tabby,"2026-06-20 23:16:48",,
"Yasalam Travels",https://yasalamtravels.com/,info@yasalamtravels.com,,,KW,,"onlineStore, inStore",,,,65,new,warm,completed,tabby,"2026-06-20 23:16:48",,
"Libas Collective",https://www.libascollective.com,info@libascollective.com,+971544926184,,KW,,onlineStore,woocommerce,libascollective,"https://facebook.com/libascollective\",85,new,warm,completed,tabby,"2026-06-20 23:16:48",,
"Diva Gym",https://divagym.me/en,info@divagym.me,+96522099981,,KW,,onlineStore,,diva_gym_kw,https://facebook.com/divagymkw,75,new,warm,completed,tabby,"2026-06-20 23:16:48",,
Otoraat,https://otoraat.com/,info@otoraat.com,,,KW,,onlineStore,,,,65,new,warm,completed,tabby,"2026-06-20 23:16:48",,
Minimalist,https://www.minimalist.ae/,info@minimalist.ae,+971585675555,,KW,,"onlineStore, inStore",shopify,minimalist,https://facebook.com/minimalist,85,new,warm,completed,tabby,"2026-06-20 23:16:48",,
"Omnia Stores",https://omniastores.com/,info@omniastores.com,"+971 56 547 8227",971565478227,KW,,"onlineStore, inStore",woocommerce,omniastores,https://facebook.com/omniastoresuae,85,new,warm,completed,tabby,"2026-06-20 23:16:48",,
"CLASSIYAH JEWELLERY",https://classiyah.com,info@classiyah.com,+971505556496,971505556496,KW,,onlineStore,shopify,classiyahjewellery,,85,new,warm,completed,tabby,"2026-06-20 23:16:48",,
2Tech,https://2techkw.com/,info@2techkw.com,,,KW,,onlineStore,,,,65,new,warm,completed,tabby,"2026-06-20 23:16:48",,
"AX Store",https://ax.com.kw,info@ax.com.kw,+96522204965,96522204965,KW,,onlineStore,woocommerce,axstorekw,https://facebook.com/axstorekw,85,new,warm,completed,tabby,"2026-06-20 23:16:48",,
SQUATWOLF,https://squatwolf.com/,info@squatwolf.com,,,KW,,onlineStore,shopify,squatwolf,https://facebook.com/squatwolf,80,new,warm,completed,tabby,"2026-06-20 23:16:48",,
"Karam Jewellers",https://00048d-62.myshopify.com/,info@00048d-62.myshopify.com,,,KW,,"onlineStore, inStore",,,,65,new,warm,completed,tabby,"2026-06-20 23:16:48",,
"UAE SCOOTERS",https://www.uae-scooters.com/,info@uae-scooters.com,+971585639966,,KW,,onlineStore,shopify,,https://facebook.com/UAEscooter,85,new,warm,completed,tabby,"2026-06-20 23:16:48",,
"Black Shoes",https://blackshoes-store.com/,info@blackshoes-store.com,966546082161,,KW,,onlineStore,,blackshoes_store_,,75,new,warm,completed,tabby,"2026-06-20 23:16:48",,
Seiko,https://seikokw.com/,info@seikokw.com,+96560972600,96560972600,KW,,onlineStore,woocommerce,seiko_kw,,85,new,warm,completed,tabby,"2026-06-20 23:16:48",,
Clarks,https://www.clarksstores.com.kw/,info@clarksstores.com.kw,,,KW,,onlineStore,shopify,clarksshoes,https://facebook.com/ClarksShoesAE,80,new,warm,completed,tabby,"2026-06-20 23:16:48",,
"Como Travels",https://www.airhotels.com/,info@airhotels.com,,,KW,,"onlineStore, inStore",,,,65,new,warm,completed,tabby,"2026-06-20 23:16:48",,
Hunto,https://hunto.com.sa/,info@hunto.com.sa,,,KW,,onlineStore,,,,65,new,warm,completed,tabby,"2026-06-20 23:16:48",,
"Tis‘at Al-Ibda‘ Telecom",http://www.ts3at.com,info@ts3at.com,,,KW,,onlineStore,,,,65,new,warm,completed,tabby,"2026-06-20 23:16:48",,
"Smart Eagle",https://smarteagle-ksa.com/,info@smarteagle-ksa.com,966566875470,,KW,,onlineStore,,smarteagle.sa,,75,new,warm,completed,tabby,"2026-06-20 23:16:48",,
Watchers,https://watchersonline.shop/,info@watchersonline.shop,+971545793756,,KW,,onlineStore,shopify,watchersonlinedxb,https://facebook.com/watchers017777,85,new,warm,completed,tabby,"2026-06-20 23:16:48",,
"ALNASSER JEWELLERY",https://alnasserjewellery.com/,info@alnasserjewellery.com,,,KW,,"onlineStore, inStore",,,,65,new,warm,completed,tabby,"2026-06-20 23:16:48",,
"Qortuba Furniture Co",https://qortuba.com/,info@qortuba.com,,,KW,,"onlineStore, inStore",shopify,,,75,new,warm,completed,tabby,"2026-06-20 23:16:48",,
"Le Mure Pharmacie",https://lemure-pharmacie.com/,info@lemure-pharmacie.com,966554433138,,KW,,onlineStore,,lemurepharmacie,,75,new,warm,completed,tabby,"2026-06-20 23:16:48",,
"Luca Sstore",https://Www.lucastore.net,info@Www.lucastore.net,+966511319590,966506377751,KW,,onlineStore,,Luca_store22,,75,new,warm,completed,tabby,"2026-06-20 23:16:48",,
"Bareeq Jewelry",https://bareeqkw.com/,info@bareeqkw.com,,,KW,,"onlineStore, inStore",,,,65,new,warm,completed,tabby,"2026-06-20 23:16:48",,
Bashasaray,http://www.bashasaray.com,info@bashasaray.com,+905539111791,,KW,,onlineStore,woocommerce,bashasaray,https://facebook.com/bashasaray,85,new,warm,completed,tabby,"2026-06-20 23:16:48",,
"Yaya Station",https://yayastation.com/?alg_currency=KWD,info@yayastation.com,+10140-1018,971566667494,KW,,onlineStore,woocommerce,yaya.station,https://facebook.com/yayastatn,85,new,warm,completed,tabby,"2026-06-20 23:16:48",,
"Golds gym",https://goldsgym.com.kw/,info@goldsgym.com.kw,,,KW,,"onlineStore, inStore",,,,65,new,warm,completed,tabby,"2026-06-20 23:16:48",,
"Arcina Jewellery",https://arcinajewellery.shop/,info@arcinajewellery.shop,,,KW,,onlineStore,shopify,arcinajewelry,,80,new,warm,completed,tabby,"2026-06-20 23:16:48",,
"Flare Fitness",https://www.flare.fitness/,info@flare.fitness,+9651819999,9651819999,KW,,"onlineStore, inStore",,flarefitness,,75,new,warm,completed,tabby,"2026-06-20 23:16:48",,
"arab gamers",https://arabgamers.ae/,info@arabgamers.ae,"+971 58 665 1195",971586651195,KW,,"onlineStore, inStore",shopify,arabgamers.ae,https://facebook.com/arabgamers.ae,85,new,warm,completed,tabby,"2026-06-20 23:16:48",,
"24 Flight",https://24flights.com/,info@24flights.com,,,KW,,"onlineStore, inStore",,,,65,new,warm,completed,tabby,"2026-06-20 23:16:48",,
"NJF JEWELS",https://njfjewels.com/,info@njfjewels.com,"+971 50 474 2257",971504742257,KW,,"onlineStore, inStore",shopify,njfjewels,https://facebook.com/share/1FHKYHWK4c,85,new,warm,completed,tabby,"2026-06-20 23:16:48",,
Cazasouq,https://www.cazasouq.com/,info@cazasouq.com,,,KW,,onlineStore,,,,65,new,warm,completed,tabby,"2026-06-20 23:16:48",,
"The Perfume Smell",https://theperfumesmell.com/,info@theperfumesmell.com,,,KW,,onlineStore,,,,65,new,warm,completed,tabby,"2026-06-20 23:16:48",,
alkhadirest,https://alkhadirest.com/,info@alkhadirest.com,966532915159,,KW,,onlineStore,,alkhadirest,https://facebook.com/alkhadirest,75,new,warm,completed,tabby,"2026-06-20 23:16:48",,
"Gear Up",https://gear-up.me/kwd/,info@gear-up.me,,,KW,,onlineStore,,,,65,new,warm,completed,tabby,"2026-06-20 23:16:49",,
LEGO,https://www.lego.me/en-kw,info@lego.me,,,KW,,"onlineStore, inStore",,,,65,new,warm,completed,tabby,"2026-06-20 23:16:49",,
"AlQasr Hotels",https://alqasrhotel.com,info@alqasrhotel.com,,,KW,,onlineStore,,,,65,new,warm,completed,tabby,"2026-06-20 23:16:49",,
"Bintalb Store",https://bintalb-store.com/,info@bintalb-store.com,966541131184,966582918681,KW,,onlineStore,,md_md901,https://facebook.com/mdmd901,75,new,warm,completed,tabby,"2026-06-20 23:16:49",,
"Magic Carpet",https://www.magicarpet.com,info@magicarpet.com,+96522286655,,KW,,"onlineStore, inStore",,magicarpet.kuwait,https://facebook.com/Magicarpet-107916215294948,75,new,warm,completed,tabby,"2026-06-20 23:16:49",,
"Leona jewelry",https://leonajewellery.com,info@leonajewellery.com,+971585751142,971585751142,KW,,"onlineStore, inStore",shopify,leona_jewelry,https://facebook.com/leonajewelryae,85,new,warm,completed,tabby,"2026-06-20 23:16:49",,
"Beyond the Beach",https://beyondthebeach.com/,info@beyondthebeach.com,+971566881213,,KW,,onlineStore,shopify,beyondthebeachstore,https://facebook.com/beyondthebeachstore,85,new,warm,completed,tabby,"2026-06-20 23:16:49",,
"Perfume Oasis",https://perfumeoasis.me/,info@perfumeoasis.me,,,KW,,onlineStore,shopify,perfumeoasis,https://facebook.com/perfumeoasisme,80,new,warm,completed,tabby,"2026-06-20 23:16:49",,
"BHM Store",https://bhmstore.com/,info@bhmstore.com,+97142248272,971553522592,KW,,onlineStore,shopify,bhmstore,https://facebook.com/bhmstore,85,new,warm,completed,tabby,"2026-06-20 23:16:49",,
"Flyaway Travel",https://flyawaykw.com/en/home/,info@flyawaykw.com,+96522288181,,KW,,"onlineStore, inStore",woocommerce,,,80,new,warm,completed,tabby,"2026-06-20 23:16:49",,
"Off Road Performance (ORP)",https://orp.com.kw/,info@orp.com.kw,,,KW,,"onlineStore, inStore",,,,65,new,warm,completed,tabby,"2026-06-20 23:16:49",,
"ALNOOR Auto Parts",https://alnoor-online.com/,info@alnoor-online.com,966562856379,966562856379,KW,,onlineStore,,alnoorparts,,75,new,warm,completed,tabby,"2026-06-20 23:16:49",,
"Gopeta Online store",https://gopeta.com/,info@gopeta.com,,,KW,,"onlineStore, inStore",,,,65,new,warm,completed,tabby,"2026-06-20 23:16:49",,
"jumbo promotion",https://www.jumbokw.com/,info@jumbokw.com,66306844,,KW,,"onlineStore, inStore",,jumbokwt,,75,new,warm,completed,tabby,"2026-06-20 23:16:49",,
Geepas,https://uae.geepas.com/,info@uae.geepas.com,+97148163042,971501423868,KW,,onlineStore,shopify,geepas_official,https://facebook.com/GeepasOfficial,85,new,warm,completed,tabby,"2026-06-20 23:16:49",,
"A2Z megastore",https://a2zmegastore.com/en,info@a2zmegastore.com,+96566963646,96566963646,KW,,"onlineStore, inStore",,a2zmegastore.kw,https://facebook.com/a2zmegastore.kw,75,new,warm,completed,tabby,"2026-06-20 23:16:49",,
"Uniq Gold",https://uniqgold.ae,info@uniqgold.ae,,971501844450,KW,,"onlineStore, inStore",woocommerce,uniqgold.ae,,85,new,warm,completed,tabby,"2026-06-20 23:16:49",,
"THE FACE SHOP",https://thefaceshop.com.kw/,info@thefaceshop.com.kw,+96596955259,96596955259,KW,,onlineStore,shopify,thefaceshop.kw,,85,new,warm,completed,tabby,"2026-06-20 23:16:50",,
"Nouf Alsudairi Abaya",https://alsudairinouf.com/,info@alsudairinouf.com,966508737451,,KW,,onlineStore,shopify,alsudairinouf,,85,new,warm,completed,tabby,"2026-06-20 23:16:50",,
Reefi,https://reefi.me/,info@reefi.me,,966539912222,KW,,onlineStore,,reefi.me,https://facebook.com/reefi.me,75,new,warm,completed,tabby,"2026-06-20 23:16:50",,
Balenciaga,https://www.balenciaga.com/en-ae,info@balenciaga.com,+442033186032,,KW,,inStore,,Balenciaga,https://facebook.com/Balenciaga,75,new,warm,completed,tabby,"2026-06-20 23:16:50",,
BOOOKERS.co,http://reach.link/BOOOKERS,info@reach.link,,,KW,,"onlineStore, inStore",,,,65,new,warm,completed,tabby,"2026-06-20 23:16:50",,
"Eiffel Travel",https://eiffeltravel.com/,info@eiffeltravel.com,,,KW,,"onlineStore, inStore",,,,65,new,warm,completed,tabby,"2026-06-20 23:16:50",,
"Hamad Abdulla AlEssa & Sons Co,",https://www.alessa.com.kw/,info@alessa.com.kw,,,KW,,"onlineStore, inStore",shopify,livtek_kw,,80,new,warm,completed,tabby,"2026-06-20 23:16:50",,
Comicave,https://store.comicave.com/,info@store.comicave.com,,,KW,,onlineStore,,,,65,new,warm,completed,tabby,"2026-06-20 23:16:50",,
"Tous Les Jours",https://tous-les-jours.net/,info@tous-les-jours.net,966536945355,966536945355,KW,,onlineStore,,tlj_perfumes,https://facebook.com/tljperfumes,75,new,warm,completed,tabby,"2026-06-20 23:16:50",,
"It's Luxury",https://itsluxury.com/kw_en,info@itsluxury.com,1881188,96596032263,KW,,"onlineStore, inStore",magento,trafalgarluxurygroup,https://facebook.com/trafalgarluxurygroup,85,new,warm,completed,tabby,"2026-06-20 23:16:50",,
"velvet abaya",https://velvetabaya.co,info@velvetabaya.co,0096599244440,96599244440,KW,,"onlineStore, inStore",woocommerce,velvetabaya,,85,new,warm,completed,tabby,"2026-06-20 23:16:50",,
UGR,https://www.ugrgroup.com/,info@ugrgroup.com,,,KW,,"onlineStore, inStore",woocommerce,,,75,new,warm,completed,tabby,"2026-06-20 23:16:50",,
"kube bond",https://www.kubebondkw.com/ar,info@kubebondkw.com,,,KW,,"onlineStore, inStore",,,,65,new,warm,completed,tabby,"2026-06-20 23:16:50",,
"nfza lak",https://nfzalak.com/,info@nfzalak.com,966590965854,,KW,,onlineStore,,nfz3_lk,,75,new,warm,completed,tabby,"2026-06-20 23:16:50",,
"MENAHEL ALTHUNAYAN GEN TRD IN FOODSTUFFS CO WLL",https://www.althenayanhoney.com.kw/,info@althenayanhoney.com.kw,+9651855888,,KW,,"onlineStore, inStore",shopify,althenayan_wafra_farm_honey,https://facebook.com/share/MWouWbaYPoohay3y,85,new,warm,completed,tabby,"2026-06-20 23:16:50",,
Dabdoob,https://dabdoob.com/en/,info@dabdoob.com,,,KW,,onlineStore,,dabdoobapp,https://facebook.com/Dabdoobapp,70,new,warm,completed,tabby,"2026-06-20 23:16:50",,
GARMIN,https://garminkw.com/,info@garminkw.com,+9651822288,,KW,,onlineStore,woocommerce,garmin_kw,https://facebook.com/garminkw,85,new,warm,completed,tabby,"2026-06-20 23:16:51",,
BasharaCare,https://www.basharacare.com/en_kw,info@basharacare.com,+96522270154,,KW,,onlineStore,magento,basharacare,https://facebook.com/BasharaCare,85,new,warm,completed,tabby,"2026-06-20 23:16:51",,
"The Techno Tribe",https://www.thetechnotribe.com,info@thetechnotribe.com,+971523860604,,KW,,"onlineStore, inStore",woocommerce,,https://facebook.com/technotribeuae,85,new,warm,completed,tabby,"2026-06-20 23:16:51",,
loot,https://loot.com.kw,info@loot.com.kw,,,KW,,"onlineStore, inStore",,,,65,new,warm,completed,tabby,"2026-06-20 23:16:51",,
"Farah Home",https://farah-home.com/,info@farah-home.com,+96567744396,96567744396,KW,,"onlineStore, inStore",shopify,shop.farahome,,85,new,warm,completed,tabby,"2026-06-20 23:16:51",,
"Uniq Bags",https://uniqbags.net,info@uniqbags.net,,,KW,,onlineStore,woocommerce,,,75,new,warm,completed,tabby,"2026-06-20 23:16:51",,
Dropkicks,https://en-kw.dropkicks.com/,info@en-kw.dropkicks.com,,,KW,,onlineStore,,,,65,new,warm,completed,tabby,"2026-06-20 23:16:51",,
Tmwenat,https://apps.apple.com/app/id6479165814,info@apps.apple.com,,,KW,,onlineStore,,appstore,https://facebook.com/appstore,70,new,warm,completed,tabby,"2026-06-20 23:16:51",,
"Bikes For All",https://bikesforall-ksa.com/,info@bikesforall-ksa.com,,,KW,,onlineStore,,bikesforallksa,https://facebook.com/Bikesforallsa,70,new,warm,completed,tabby,"2026-06-20 23:16:51",,
"Pharma Medica Group",http://www.pharmamedicagroup.com/,info@pharmamedicagroup.com,,,KW,,onlineStore,,,,65,new,warm,completed,tabby,"2026-06-20 23:16:51",,
Chic,https://www.chic.ae/?currency=kwd,info@chic.ae,+971522869341,,KW,,"onlineStore, inStore",,chicshoesuae,https://facebook.com/ChicShoesUAE,75,new,warm,completed,tabby,"2026-06-20 23:16:51",,
Jumnah,https://www.jumnah.com,info@jumnah.com,,,KW,,onlineStore,,,https://facebook.com/share/1FtSnq2rVU,70,new,warm,completed,tabby,"2026-06-20 23:16:51",,
Samma3a,https://www.samma3a.com/,info@samma3a.com,+971553852900,,KW,,onlineStore,magento,samma3a,https://facebook.com/samma3afans,85,new,warm,completed,tabby,"2026-06-20 23:16:51",,
"Burhani Car Accessories",https://burhanicaracc.com/,info@burhanicaracc.com,+96566007502,66007502,KW,,"onlineStore, inStore",shopify,autoemporiokw,https://facebook.com/autoemporiokw,85,new,warm,completed,tabby,"2026-06-20 23:16:51",,
Batarity,https://batarity.com/,info@batarity.com,,,KW,,"onlineStore, inStore",,,,65,new,warm,completed,tabby,"2026-06-20 23:16:51",,
"Etika Jewels",https://etikajewels.com,info@etikajewels.com,,971585411333,KW,,"onlineStore, inStore",woocommerce,etika_jewels,https://facebook.com/etika.jewels,85,new,warm,completed,tabby,"2026-06-20 23:16:51",,
"Coffee Tools",https://coffeetoolskw.com/,info@coffeetoolskw.com,,,KW,,onlineStore,shopify,coffeetools_kw,,80,new,warm,completed,tabby,"2026-06-20 23:16:51",,
"Amal Al Kuwait",https://amalalkuwait.com/,info@amalalkuwait.com,,,KW,,"onlineStore, inStore",shopify,amalalkuwait,https://facebook.com/profile.php,80,new,warm,completed,tabby,"2026-06-20 23:16:51",,
Ma7lcom,https://ma7lcom.com/,info@ma7lcom.com,966558189381,,KW,,onlineStore,,Ma7lcom,https://facebook.com/people,75,new,warm,completed,tabby,"2026-06-20 23:16:51",,
"farza optical",https://farzaoptical.com/,info@farzaoptical.com,,,KW,,onlineStore,,farza_optical,https://facebook.com/farzaopticals,70,new,warm,completed,tabby,"2026-06-20 23:16:51",,
COFE,https://www.cofeapp.com,info@cofeapp.com,,,KW,,onlineStore,woocommerce,getcofe,https://facebook.com/getcofe,80,new,warm,completed,tabby,"2026-06-20 23:16:51",,
"Automax Tools",https://www.automaxtools.me/,info@automaxtools.me,,,KW,,"onlineStore, inStore",,,,65,new,warm,completed,tabby,"2026-06-20 23:16:51",,
IncrediDeals,https://incredideals.ae,info@incredideals.ae,+971503463250,,KW,,onlineStore,shopify,incredideals,,85,new,warm,completed,tabby,"2026-06-20 23:16:51",,
"Balikbayan Store",http://www.balikbayanstore.com,info@balikbayanstore.com,,,KW,,"onlineStore, inStore",,,,65,new,warm,completed,tabby,"2026-06-20 23:16:51",,
"Geneve Novelties Watch Co.",https://genevenovelties.com/,info@genevenovelties.com,,96594903860,KW,,"onlineStore, inStore",woocommerce,genevenoveltieskw,https://facebook.com/genevenovelties,85,new,warm,completed,tabby,"2026-06-20 23:16:51",,
"Al Hadaya Mall",https://alhadayamall.com,info@alhadayamall.com,,,KW,,onlineStore,,,,65,new,warm,completed,tabby,"2026-06-20 23:16:51",,
SALEZONE,https://salezone.sa/,info@salezone.sa,966543043021,966583336681,KW,,onlineStore,,salezone.ksa,,75,new,warm,completed,tabby,"2026-06-20 23:16:51",,
"Taif Al Emarat",https://taifalemarat.com/en,info@taifalemarat.com,+9718008243,971528820010,KW,,onlineStore,shopify,taifalemarat,https://facebook.com/taifalemarat,85,new,warm,completed,tabby,"2026-06-20 23:16:51",,
"Brandish Kw",https://www.brandishkw.com,info@brandishkw.com,+96541111042,,KW,,"onlineStore, inStore",,brandish.kw,,75,new,warm,completed,tabby,"2026-06-20 23:16:51",,
Q8leds,https://q8leds.com/ae/,info@q8leds.com,,,KW,,"onlineStore, inStore",,,,65,new,warm,completed,tabby,"2026-06-20 23:16:51",,
Sayyar,https://www.sayyar.com/,info@sayyar.com,,966555700007,KW,,onlineStore,,sayyargcc,https://facebook.com/sayyarksa,75,new,warm,completed,tabby,"2026-06-20 23:16:51",,
Kaif,https://kaif.co/,info@kaif.co,"+965 67700533",,KW,,onlineStore,shopify,kaif.co,,85,new,warm,completed,tabby,"2026-06-20 23:16:51",,
"Al Mandoos",https://almandoos.com/ar/,info@almandoos.com,+971545811013,,KW,,onlineStore,magento,almandoos1986,https://facebook.com/almandoos1986,85,new,warm,completed,tabby,"2026-06-20 23:16:52",,
"V Luxury 1",https://vluxury1.com/,info@vluxury1.com,,,KW,,onlineStore,woocommerce,,,75,new,warm,completed,tabby,"2026-06-20 23:16:52",,
"Sacoor Brothers",https://kw.sacoorbrothers.com/,info@kw.sacoorbrothers.com,,,KW,,onlineStore,shopify,sacoorbrothers,https://facebook.com/SacoorBrothers,80,new,warm,completed,tabby,"2026-06-20 23:16:52",,
"Abdulwahab Al-Ghamdi",https://mosds9.com/ar-kw/,info@mosds9.com,966550177520,,KW,,onlineStore,,agg_sa_co,https://facebook.com/mosds9,75,new,warm,completed,tabby,"2026-06-20 23:16:52",,
"ancy store",https://ancy.store/,info@ancy.store,,966558558694,KW,,onlineStore,,ancy_store1,,75,new,warm,completed,tabby,"2026-06-20 23:16:52",,
MDLBEAST,https://mdlbeast.com/,info@mdlbeast.com,00966920000208,966554067794,KW,,onlineStore,,,https://facebook.com/MDLBEAST,75,new,warm,completed,tabby,"2026-06-20 23:16:52",,
BARLLINA,https://barllina.com/,info@barllina.com,,966559662425,KW,,onlineStore,,barllina,https://facebook.com/Barllinaofficial,75,new,warm,completed,tabby,"2026-06-20 23:16:52",,
Aromatic,https://aromatic-kw.com/,info@aromatic-kw.com,,,KW,,onlineStore,,,,65,new,warm,completed,tabby,"2026-06-20 23:16:52",,
"Ice Games",https://icegames.co/,info@icegames.co,++97317620993,97317620993,KW,,onlineStore,,icegames,,75,new,warm,completed,tabby,"2026-06-20 23:16:52",,
"Loja Store",https://lojastoregt.com/,info@lojastoregt.com,971503661159,971503661159,KW,,"onlineStore, inStore",,lojastoregt,https://facebook.com/lojastoregt,75,new,warm,completed,tabby,"2026-06-20 23:16:52",,
"Dokhoon Pure",https://dokhoon-pure.com/,info@dokhoon-pure.com,,,KW,,onlineStore,,,,65,new,warm,completed,tabby,"2026-06-20 23:16:52",,
"UFC GYM",https://www.ufcgym.me/,info@ufcgym.me,971800832496,971800832496,KW,,"onlineStore, inStore",,ufcgymuae,https://facebook.com/ufcgymuae,75,new,warm,completed,tabby,"2026-06-20 23:16:52",,
"Active Store",https://activestorekw.com,info@activestorekw.com,,,KW,,"onlineStore, inStore",woocommerce,activestorekw,,80,new,warm,completed,tabby,"2026-06-20 23:16:52",,
"LOUZAN FASHION",https://louzanfashion.com/,info@louzanfashion.com,,,KW,,"onlineStore, inStore",,,,65,new,warm,completed,tabby,"2026-06-20 23:16:52",,
ordrat.net,https://ordrat.net,info@ordrat.net,,,KW,,onlineStore,,,,65,new,warm,completed,tabby,"2026-06-20 23:16:52",,
Firefly,https://firefly.com.kw,info@firefly.com.kw,,,KW,,onlineStore,,,,65,new,warm,completed,tabby,"2026-06-20 23:16:52",,
"Nishat Linen",https://www.nishatlinenuae.com/,info@nishatlinenuae.com,+971528250956,,KW,,onlineStore,shopify,nishatlinenuae,https://facebook.com/nishatlinenuae,85,new,warm,completed,tabby,"2026-06-20 23:16:53",,
Blends,https://blendshome.com,info@blendshome.com,,966508662726,KW,,onlineStore,,blends_Home,https://facebook.com/blends_Home,75,new,warm,completed,tabby,"2026-06-20 23:16:53",,
"Pro Sports Kuwait",https://www.prosportskw.com/,info@prosportskw.com,"+965 66 786 789",96566786789,KW,,onlineStore,shopify,prosportskw,https://facebook.com/prosportskw,85,new,warm,completed,tabby,"2026-06-20 23:16:53",,
Vortek,http://www.vortek.com.kw,info@vortek.com.kw,,96551661231,KW,,onlineStore,,vortek_kw,https://facebook.com/vortekkuwait,75,new,warm,completed,tabby,"2026-06-20 23:16:53",,
"Herb and Oil",https://herbandoil1.com,info@herbandoil1.com,966559963898,966534072221,KW,,onlineStore,,herbandoil1,,75,new,warm,completed,tabby,"2026-06-20 23:16:53",,
"Mashaer Perfumes",https://mashaer.store/,info@mashaer.store,+966500000000,96596972223,KW,,onlineStore,,mashaerofficial,https://facebook.com/mashaer,75,new,warm,completed,tabby,"2026-06-20 23:16:53",,
"B2B integrated Co.",https://b2b.com.kw/,info@b2b.com.kw,+96598067221,,KW,,onlineStore,,b2b_auto,https://facebook.com/b2bauto,75,new,warm,completed,tabby,"2026-06-20 23:16:53",,
"Oil and gear ",https://shifttik.com/,info@shifttik.com,,,KW,,onlineStore,,,,65,new,warm,completed,tabby,"2026-06-20 23:16:53",,
Al-Jraiwy,https://aljraiwyonline.com/,info@aljraiwyonline.com,976939531803040,,KW,,"onlineStore, inStore",shopify,,,80,new,warm,completed,tabby,"2026-06-20 23:16:53",,
"Niche Gallerie",https://nichegallerie.com/,info@nichegallerie.com,,,KW,,"onlineStore, inStore",,,,65,new,warm,completed,tabby,"2026-06-20 23:16:53",,
"Time Keeper",https://time-keeper.com/,info@time-keeper.com,,,KW,,"onlineStore, inStore",,,,65,new,warm,completed,tabby,"2026-06-20 23:16:53",,
" FitNeeds",https://fitneeds.sa/,info@fitneeds.sa,,,KW,,onlineStore,,fitneeds.sa,https://facebook.com/fitneeds.sa,70,new,warm,completed,tabby,"2026-06-20 23:16:53",,
"Regal Honey",https://safeerperfumes.com/,info@safeerperfumes.com,+966558085052,966558085052,KW,,onlineStore,,safeer_perfumes,,75,new,warm,completed,tabby,"2026-06-20 23:16:53",,
"fluffy cookies",https://fluffyae.company.site,info@fluffyae.company.site,+971506349234,,AE,,"onlineStore, inStore",,fluffy.u.ae,,75,new,warm,completed,tabby,"2026-06-20 23:17:48",,
"COOL KIDS",https://coolkidsksa.com/ar-kw/,info@coolkidsksa.com,966507552062,966507552062,KW,,onlineStore,,coolkids_ksa,,75,new,warm,completed,tabby,"2026-06-20 23:17:49",,
"beuaty vitamine",https://www.beauty-vitamins.com/en-kw,info@beauty-vitamins.com,+96550546535,,AE,,"onlineStore, inStore",shopify,beauty_vitamins24,https://facebook.com/share/1B4eR3X8ps,85,new,warm,completed,tabby,"2026-06-20 23:18:17",,
"Foodland group",https://foodlandgroup.ae/,info@foodlandgroup.ae,,,AE,,inStore,woocommerce,ancora_themes,https://facebook.com/AncoraThemes,80,new,warm,completed,tabby,"2026-06-20 23:18:53",,
"Shadoo Electronics",https://shadoo.ae,info@shadoo.ae,,,AE,,"onlineStore, inStore",,,,65,new,warm,completed,tabby,"2026-06-20 23:21:02",,
"Better Life",https://www.betterlifeuae.com/,info@betterlifeuae.com,,,AE,,"onlineStore, inStore",,,,65,new,warm,completed,tabby,"2026-06-20 23:21:30",,
